1/2/08,1,,,1,,,10,,,,,,,,,,1,1,,,,,1,,,,,,,,,,1,,,,,,,,,,1,,,1,1,1,1,,,,,,,
1/2/08,,1,,,1,,15,,,,,,,,1,,,,,1,,,,,,,,,,,,,,,,,,,,,,,,,,1,1,1,,1,,1,,,,
1/3/08,1,,1,,,,10,,,,,,,,,,1,,1,1,,,1,,,,,,,,,,,,,,,,,,,,,,,1,1,1,1,,,,,,,
1/3/08,,1,,1,,,20,,,,,,,,,,1,,,1,,,1,,,,,,,,,,,,1,,,,,,,,,,,1,1,1,,,,,,,,
1/3/08,1,,,1,,,15,1,,,,,,,,,,,1,1,,,1,,,,,,,,,,,,,,,,,,,,,,,,1,,1,,,,,,,
1/4/08,,1,1,,,,5,,,,,,,,,,1,,,,,1,,,,,,,,,,,,,,,,,,,,,,,,,,,,,,,,,,
1/4/08,,1,,1,,,5,,,,,,,,,,1,,,1,,,,,,,,,,,,,,,,,,,1,,,,,,1,,,,,,,,,,1,
1/7/08,,1,1,,,,5,,,,,,,,,,1,,,1,,,,,,,,,,,,,,,,,,,,,,,,,,1,1,1,,,,,,,,
1/7/08,,1,1,,,,3,,,,,,,,,,1,,,,1,,,,,,,,,,,,,,,,,,,,,,,,,1,1,1,,,,,,,,
1/7/08,,1,1,,,,40,,,,,,,,,,1,,,,,,,,,,,,,,,,1,,,,,,,,,,,,1,1,1,1,,,,,,,,
1/7/08,,1,1,,,,8,,,,,,1,,,,,,,1,,,,,,,,,,1,,,,,,,,,,,,,,,,1,1,1,,,,,,,,
1/7/08,1,,1,,,,8,,,,,,,,,,1,,,,,,,,1,,,,,,,,,,,,,,,,,,,,,1,1,1,,,,,,,,
1/7/08,,1,1,,,,5,,,,,,,,,,1,,,1,,,,,,,,,,,,,,,,,,,,,,,,,,1,,,,1,,,1,,,
1/7/08,,1,,1,,,32,1,,,,,,,,,,,,1,,,1,,,,,,,,,,,,,,,,,,,,,,,1,1,1,,,,,,,,
1/7/08,1,,,1,,,45,,1,,,,,,,,,1,1,,,,1,,,,,1,,1,1,,,1,,,,,1,,,,,,,1,1,1,,1,1,,1,,,
1/7/08,1,,,,1,,15,,1,,,,,,,,,1,,,,1,,,,,,,,,,,,,,,,1,,,,,,,,1,1,1,1,,,,,,,
1/7/08,1,,,,1,,20,,,,,,,,,,1,1,,,,1,1,1,,,,,,,,,,,,,,,,,,,,,,1,1,1,1,1,,,,,,
1/7/08,1,,,,1,,80,,,,,,,1,,,,1,,,,,1,,1,,,1,,,,,,,,,,,,,,,1,,,1,1,1,1,,,,,,,
1/8/08,1,,1,,,,10,,,,,,1,,,,,1,,,,,1,,,,,,,,,,,,,,,,,,,,,,,1,1,1,1,,,,,,,
1/8/08,1,,1,,,,10,,,,,,,,,,1,1,1,,,,1,,,,,,,,,,,,,,,,,,,,1,,1,1,1,1,,1,,,,,,
1/8/08,1,,1,,,,6,,1,,,,,,,,,,,,,,,,1,,1,,,,,,,,,,,,,,,,,,1,1,1,1,,1,,,,1,,
1/8/08,,1,1,,,,20,,,,,,,,,,1,,,1,,,,,,,,,,,,,,,,,,,,,,,,,,1,1,,,,,,,,,
1/8/08,,1,1,,,,15,,,,,,,,,,1,,,1,1,1,,,,,,,,,,,,,,,,,1,,,,,,,1,1,,,,,,,,,
1/8/08,,1,1,,,,15,,,,,,,,,,1,,,1,,,,,,,,,,,,,,,,,,,,,,,,,1,1,1,,,,,,,,,
1/8/08,,1,,1,,,10,,,,,,,,,,1,,,1,,,,,,,,,,,,,,,,,,,,,,,,,,1,1,,,,,1,,,,
1/8/08,1,,,1,,,10,,1,,,,,,,,,1,,,,,,,,,,,,,,,,,,,,,,,,,1,,,1,1,,,,,,,,,
1/8/08,1,,,1,,,,,,,,,,,,,1,,,,,,1,,,,,,,,,,,,,,,,,,,,,,,1,,1,,,,,,,,
1/8/08,1,,,,,1,15,,,,,,1,,,,,,1,,,,1,,,,,,,,1,,,,,1,,,,,,,,,,1,1,1,1,,,,,,,
1/9/08,,1,1,,,,10,1,1,,,,,,,,,,,,,,,,,,,,,,,,1,,,,,,,,,,1,,,1,1,,,,,,,,,
1/9/08,1,,,1,,,5,,,,,,,,,,1,,1,1,,,1,,,,,,,,,,,,,,,,,,,,,,,,1,1,,,,,,,,
1/9/08,1,,,1,,,5,,,,,,,,,,1,,1,1,,,1,,,,,,,,,,,,,,,,,1,,,,,,1,1,1,,,,,,,,
1/9/08,,1,,1,,,2,,,,,,,,,,1,,,1,,,,,,,,,,,,,,,,,,,,,,,,,,,1,,,,,,,,,
1/9/08,1,,,,1,,,,1,,,,,,,,,,1,,,,1,,,,,,,,,,,,,,,,,,,,,,,,,,,,,,,,,
1/10/08,,1,,1,,,5,,,,,,,,,,1,,,1,1,,,,,,,,,,,,,,,,,,,,,,,,,1,1,1,,,,,,,,
1/10/08,,1,,1,,,5,,,,,,,,,,1,,,,,1,1,,,,,,,,,,,,,,,,1,,,,,,,1,1,1,,,,,,,,
1/10/08,1,,,1,,,20,,,,,,,,1,,,1,,,,,1,,1,,,,,,,,,1,1,,,,,1,,,,,,1,1,1,,,,,,,,
1/10/08,,1,,,1,,10,,,,1,,,,,,,,,1,,,,,,,,,,,,,,,,,,,1,,,,,,,,1,1,,,,,,,,
1/11/08,,1,1,,,,5,,,,,,,,,,1,,,,,,1,,,,,,,,,,,,,,,,,,,,,,,1,1,,,,,,,,1,
1/11/08,1,,1,,,,15,,,,,,,1,,,,,,,,,1,,,,,,,,,,,,,,,,,,,,,,,1,1,1,1,,,,,,,
1/11/08,1,,1,,,,,,,,,,,,,,1,,,,,,1,,,,,,,,,,,,,,,,,,,,,,,,,,,,,,,,,
1/11/08,1,,,1,,,20,,,,,,,,,,1,,,,,,1,,,,1,,,,,,,,,,,,,,,,,,,1,1,1,1,1,,,,1,,
1/11/08,,1,,1,,,10,,,,,,,,,,1,,,1,,,1,,,,,,,,,,,,,,,,,,,,,,,1,1,1,,,,,,,,
1/12/08,1,,,,,1,60,,,,,,,,,,1,1,,,,,1,,,,,,,,,,,,,,,,,,1,,1,,,1,1,,,,,1,,,,
1/13/08,,1,,,,1,20,,,,,,,,,,1,1,1,1,,,1,,,,,,,,,,,,,,,,,,,,1,,,1,1,,,,,,,,,
1/14/08,1,,1,,,,25,,,,,,,,,,1,,,1,,1,1,,,,,,,,1,,,,,,,,,,,,,,,1,1,1,,,,,,,,
1/14/08,1,,1,,,,10,,,,,,,1,,,,,,,,,1,,1,,,,,,,,,,,,,,,,,,1,,,1,1,1,,,,,,,,
1/14/08,1,,,1,,,20,,,,,,1,,,,,,,,1,,,,,,,,,,,,,,,,,,,,,,,,1,,,1,,,,,,,,
1/14/08,,1,,,1,,4,,,,,,,,,,1,,,1,,,,,,,,,,,,,,,,,,,,,,,,,,,,,,,,,,,,
1/15/08,1,,,1,,,2,,,,,,,,,,1,1,,,,,1,,,,,,,,,,,,,,,,,,1,,,,,1,1,,,,,,,,,
1/16/08,1,,,,,1,35,,,,,,,,1,,,,,1,,1,1,,,,,,,1,,,,,,,,,,1,,,,,1,1,1,1,1,,1,1,,,,
1/16/08,,1,1,,,,10,,,,1,,,,,,,,,1,1,,,,,,,,,,,,,,,,,,,,,,,,,,1,,,,,,,,,
1/16/08,,1,1,,,,15,,,,,,,,,,1,,,1,,,1,,,,,,,,,,,,,,,,1,,,,,,,1,1,,,,,,,,,
1/16/08,1,,1,,,,10,,,,,,,,,,1,,,,,,,,,,,,,,,,,,,,,1,,,,,,,,1,1,,,,,,,,,
1/16/08,1,,,1,,,5,,,,,1,,,,,,,1,,,,1,1,,,,1,,,,,,,,,,,,,,,,,,1,1,1,,,,,,,,
1/16/08,1,,,1,,,5,,,,,,,,,,1,,1,,,,,,,,,,,,,,,,,,,,,,,,1,,,1,1,1,,,,,,,,
1/16/08,1,,,,1,,6,,,,,,,,1,,,1,1,,,,1,,,,,,,,,,,,,1,,,,1,,,,,,,1,1,,,,,,,,
1/17/08,,1,1,,,,15,,,,,,,1,,,,,,1,,,,,,,,,,,,,,,,,,,,,,,,,,1,1,,,,,1,,,,
1/17/08,,1,1,,,,10,,,1,,,,,,,,,,,,,,,,,1,,,,,,,,,,,,,,,,,,,1,1,1,1,1,,,,1,,
1/17/08,,1,,1,,,15,,,,,,,,,,1,,,,,,,,,,1,,,,,,,,,,,,,,,,,,,1,1,1,,,,,,1,,
1/17/08,,1,,,1,,5,,,,,,,,1,,,,,,,,1,,,,,,,,,,,1,,,,,,,,,,,,1,1,,,,,,1,,,
1/17/08,,1,,1,,,10,,,,,,,,,,1,,,1,,,,,,,,,,,,,,,,,,,,,,,,,1,1,1,,,,,,,,1,
1/18/08,,1,,1,,,2,,,,,,,,,,1,,,,,,,,1,,1,,,,,,,,,,,,,,,,,,,,,1,1,1,,,,1,,
1/20/08,1,,,1,,,20,,,,1,,,,,,,1,,,,,1,,,,,,,,,,,,,,,,,,,,1,,,1,1,,,,,,,,,
1/21/08,1,,,,1,,150,,,,,,,,,,1,1,,,,,1,,,1,,,,,,,,,,,,,,,,,1,,,1,1,1,1,1,,1,,,,
1/22/08,,1,1,,,,10,,,,1,,,,,,,,,1,,,,,,,,,,,,,,,,,,,,,,,,,1,,,,,1,,1,,,,
1/22/08,1,,1,,,,15,,,,,,1,,,,,1,,,,,1,,1,,,1,,1,,,,,,,,,,,,,,,,1,1,,1,1,,,,,,
1/22/08,,1,,1,,,15,,1,,,,,,,,,,,1,,,1,,,,,,,,,,,,,,,,,,,,,,,1,1,,,,,1,,,,
1/22/08,1,,,,1,,15,,,,,,,,,,1,,,,,,1,,1,,,,,,,,,,,,1,,,,,,,,,1,,,,,,,,,,
1/22/08,1,,,,,1,,,,,,,,,,,1,,,,,,1,,,,,,,,,,,1,,,1,,,,,,,,,1,1,1,1,,,,,,,
1/23/08,1,,1,,,,15,,,,,,,,,,1,1,,1,,,1,,,,,,,,,,,,,,,,,,,,,,,1,1,,,1,,,,,,
1/23/08,1,,1,,,,5,,1,,,,,,,,,1,1,,,,1,,,,,,,,,,,,,,,,,,,,,,,1,1,1,,,1,1,,,,
1/23/08,1,,,1,,,5,,1,,,,,,,,,1,,,,,1,,,,,,,,,,,,,,,,,,,,,,,1,1,,,,,,,,,
1/23/08,1,,,1,,,20,,1,,,,,,,,,1,,,,,1,,,,,,,,,,,,,,,,,,,,,,,1,1,,,,1,,,,,
1/23/08,,1,1,,,,5,,,,,,,,,,1,,,1,,1,,,,,,,,,,,,,,,,,,,,,,,,1,1,1,,,,1,,,,
1/23/08,1,,,1,,,10,,1,,,,,,,,,1,,,,,1,,,,,,,,,,,,,,,,,,,,,,,1,1,,,,1,,,,,
1/23/08,,1,,1,,,10,,,,,,,,,,1,,,,,1,,,,,,,,,,,,,,,,,1,,,,,,,,1,,,,,,,,,
1/23/08,,1,,1,,,2,,,,,,,,,,1,,,,,,,,,,,,,,,,,,,1,,,,,,,,,,,1,,,,,,,,,
1/23/08,1,,,1,,,15,,,,,,,,,,1,,,,,,1,,,,,,,,,,,,,,,,,,,,,,,1,1,1,1,,,,,,,
1/24/08,,1,1,,,,7,,,,,,,,,,1,,,,,,1,,,,,,,,,,,,,,,,,,,,,,,1,,,,,,,,,1,
1/24/08,1,,1,,,,10,1,,,,,,,,,,1,,,,,,,1,,,,,,,,,,,,,,,1,,,,,,1,1,,,,,,,,,
1/24/08,,1,,1,,,40,,,,,,,,,,1,,,,,,1,,,,,,,1,,,,,,,,,,,,,,,,1,1,1,,,,,,,,
1/24/08,,1,,1,,,30,,,,,,,,,,1,1,1,,,,1,,1,,,,,,1,,,,1,,,,,,1,,1,,,1,1,1,1,1,,,,,,
1/25/08,,1,1,,,,5,,,,,,,,1,,,,,,,,,,,,,,,1,,,,,,,,1,,,,,,,,1,,,,,,,,,,
1/25/08,,1,1,,,,8,,,,,,,,,,1,,,,,,1,,,,,,,,,,,,1,,,,,,,,,,,1,1,,,,,,,,1,
1/25/08,,1,1,,,,5,,,,,,,,,,1,,,,,,,,,,,,,,,,,,,,,,,1,,,,,,1,,,,,,,,,1,
1/25/08,1,,,1,,,5,,,,,,,,,,1,,,,,,,,,,1,,,,,,,,,,,1,,,,,,,,1,1,,,,,,,,,
1/28/08,,1,1,,,,8,,,,,,,,,,1,,,,,1,,,,,,,,,,,,,,,,,,,,,,,1,1,1,1,,,,,,,,
1/28/08,1,,,1,,,10,,,,,,,,1,,,1,,,,,1,1,1,,,,,,,,,,,,,,,,,,1,,,1,1,1,1,,,,,,,
1/28/08,,1,,1,,,3,,,,,,,,,,1,,,,,1,,,,,,1,,,,,,,,,,,,,,,,,,1,1,,,,,,,,,
1/28/08,1,,,1,,,20,,,,1,,,,,,,,,,,,1,,,,1,,,,,,,,1,,,,,,,,1,,,1,1,,,,,,,,,
1/28/08,1,,,,1,,30,,,,,,1,,,,,,,,,1,1,,,,,,,,,,1,,,,,,1,,,,1,,,1,1,1,1,,,,,,,
1/29/08,1,,1,,,,10,,,,,,,,,,1,,,,,,1,,1,,1,,,,,1,,,1,,,,,,,,,,,1,1,1,1,1,,,,1,,
1/29/08,1,,1,,,,15,,,,,,,,,,1,,,,,1,1,1,1,,,,,,,,,,,1,,,,1,,,,,,1,1,1,1,,,,,,,
1/30/08,1,,,1,,,5,,,,,,,,,,1,,1,,,,1,,,,,,,,1,,,,,,,,,,,,,,,1,1,1,,,,,,,,
1/30/08,1,,,1,,,5,,,,,,,,,,1,,,,,,1,,,,,,,,,,,,,,,,,,,,,,1,1,1,,,,,,,,,
1/31/08,1,,,1,,,45,,,,,,,,1,,,,,,,,,,,,,,1,,,,,,,,,,,,,,,,,1,1,1,,,,,,,,
1/31/08,,1,,1,,,3,,,,,,,,,,1,,,,,1,,1,,,,,,,,,,,,,,,,,,,,,,1,1,1,,,,,,,,
1/31/08,,1,,1,,,10,,,,1,,,,,,,,,1,,,,,,,,,,,,,,,,,,,1,,,,1,,,,1,,,,,,,,,
1/31/08,,1,,,1,,10,1,,,,,,,,,,,,1,,,,,,,,,,,,,,,1,,,,1,,,,,,,1,1,1,1,,,1,,,,
1/31/08,0,1,0,0,1,0,10,0,0,0,0,0,0,0,1,0,0,0,0,0,0,1,0,1,1,0,0,0,0,0,0,0,0,0,0,0,0,0,0,0,0,0,0,0,0,1,0,0,0,0,0,0,0,0,0,0
2/1/08,1,,1,,,,15,,,,,,,,1,,,1,1,,,,1,,1,,1,,,,,,1,1,1,,,,,,,,1,,,1,1,1,1,1,,,,,,
2/1/08,,1,1,,,,,,,,,1,,,,,,,,1,,1,,,,,,,,,,,,,,,,,,,,,,,,1,1,1,1,1,,,,,,
2/1/08,1,,1,,,,30,,,,,,,,,,1,1,1,,,,1,,1,,,,,,1,,,,1,,,,,,,,1,,,1,1,1,1,,,,,,,
2/2/08,1,,1,,,,60,,,,,,,,,,1,1,,,,,1,,,,,,,1,,,,,,,,,,,,,,,,,,1,,1,1,,,,,
2/4/08,1,,1,,,,15,,,,,,,,,,1,1,,,,,1,,1,,,,,,,,,,,,,,,,,,,,,1,1,,,,,,,,,
2/4/08,,1,1,,,,15,,,,,,1,,,,,,,1,,1,,,,,,,,1,1,,,,,,,,,,,,,,,1,1,,,,,,,,,
2/4/08,,1,,1,,,12,,,,1,,,,,,,1,1,1,,,1,,,,,1,,1,,,,,,,,,,,,,,,,1,1,1,1,1,,,,,,
2/4/08,,1,,1,,,2,,,,,,,,1,,,,,1,,1,,,,,,,,,,,,,,,,,,,,,,,,,1,1,,,,,,,,
2/4/08,,1,,1,,,20,,,,,,,,1,,,1,1,1,1,,1,,,,,,,,,,,,,,,,,,,,,,,1,1,1,,1,,,,,,
2/4/08,1,,,1,,,15,,,,,,,,1,,,1,,,,,,,,,,,,,,,,,,,,,,1,,,1,,,,1,,,1,,,,,,
2/4/08,,1,,,1,,45,,,,,,,,,,1,,,,,,,,,,,,,,,,,,,,,,,,,,,,,1,1,1,1,,,,,,,
2/5/08,,1,1,,,,5,,,,,,,,,,1,,,1,,,,,,,,,,,,,,,,,,,,,,,,,,1,1,,,,,,,,,
2/5/08,1,,,1,,,10,,,,,,,,,,1,,,,,,1,,,,,,,,,,,,,,,,,,,,,,,,,,,,,,,,,
2/5/08,,1,,1,,,5,,,,,,,,,,1,,,,,,,,1,,,,,,,,,,,,,,,,,,,,,1,1,,,,,,,,,
2/5/08,1,,,1,,,23,,1,,,1,,,,,,,,,,,1,,,,,,,,,,,,,,,,,,1,,,,,1,1,,,,,,,,,
2/5/08,1,,,,1,,30,,,,,,,,,,1,1,,,,,1,,,,,,,,,,,,,,,,,1,,,,,,1,1,,,,,,,,,
2/6/08,,1,1,,,,10,,,,1,,,,,,,,,,,,1,,,,,,,,,,,,,,,,,,,,1,,,,1,,,,,,,,,
2/6/08,,1,1,,,,10,,,,,,,,,,1,,,,,,,,,,,,,,,,,,,,,,,,,,,,1,1,1,,,,,,,,,
2/6/08,1,,,1,,,60,,,,,,,1,,,,1,,,,,1,,,,,1,,1,,,,,1,1,,,,,,,1,,,1,1,1,1,1,,,,,,
2/6/08,,1,,1,,,5,,,,,,,,,,1,,,1,,,,,,,,,,,,,,,,,,,,,,,,,,1,1,1,1,,,,,,,
2/7/08,1,,1,,,,7,,1,,,,,,,,,,,,,,1,,,,,,,,,,,,,,,,,,,,,,,1,1,1,,,,,,,,
2/7/08,,1,,1,,,10,,,,,,,,1,,,,,,,,,1,,,,,,,,,,,,,,,,,,,,,1,1,1,1,,,,,,,,
2/7/08,,1,,1,,,10,,,,,,,,,,1,,,,,1,,,,,,,,,,,,,,,,,1,,,,,,,1,1,1,,,,,,,,
2/7/08,1,,,1,,,25,,,,,,,,,,1,,,,,1,,,,,,,,1,,,,,,,,,,,,,,,,1,1,1,,1,1,,,,,
2/7/08,1,,,,1,,10,,,,,,1,,,,,,,,,,1,,,,,,,,,,,,,,,,,,,,1,,,1,1,1,,,,,,,,
2/8/08,,1,1,,,,5,,,,,,,,1,,,,,,,,,,,,,,1,,,,,,,,,,,,,,,,,1,1,,,,,,,,1,
2/8/08,,1,1,,,,5,,,,,,,,,,1,,,1,,,,,,,,,,,,,,,,,,,,,,,,,,1,1,,,,,,,,1,
2/8/08,,1,,,1,,60,,,,,,1,,,,,,,1,1,,,,,,,,,,,,,,,,,,,,,,,,,1,1,1,1,1,,1,,,,
2/10/08,1,,,1,,,15,1,,,,,,,,,,1,1,,,,1,,,,,1,,1,,,,,,1,,,,,,,1,,,1,1,,1,,,1,,,,
2/10/08,1,,,,,1,20,,,,1,,,,,,,,1,,,,1,,,,,,,,,,,,,,,,,,,,,,,1,1,,,1,,,,,,
2/11/08,,1,1,,,,12,,,,,,1,,,,,,,1,,1,1,,,,,,,,,,,,,,,,,,,,,,,1,1,,,1,,,,,,
2/11/08,,1,,1,,,20,,,,,,,,,,1,,,,,,,1,1,,,,,,,,,,,,,,1,,,,,,,1,1,1,1,1,,,,,,
2/11/08,1,,,1,,,30,,,,,,,,,,1,,,,,1,,1,,,,,,,,,,,,,,,,,,,1,,,1,1,,,,,,,,,
2/11/08,1,,,1,,,30,,,,,,,,1,,,1,,,,,1,,1,,,,,,,,,,,,,,,,1,,1,,,1,1,1,1,1,,,,,,
2/11/08,1,,,,1,,5,,,,,,,,,,1,1,,,,,,,,,,,,,,,,,,,,,,1,,,,,,,1,1,,,,,,,1,
2/11/08,1,,,,1,,5,,,,,,1,,,,,,,,,,1,,,,,,,,,,,,1,,,,,,,,,,,,,1,,,,,,,,
2/12/08,,1,,1,,,5,,,,,,1,,,,,,,1,,,,,,,,,,,,,,,,,,,1,,,,,,,,,,,,,,,,,
2/12/08,1,,,1,,,15,,1,,,,,,,,,,,,,,,,,,,,,,,,,,,,,,,,1,,,,,1,1,1,,,,,,,,
2/13/08,,1,1,,,,5,,,1,,,,,,,,,,1,,1,,,,,,,,,,,,,,,,,,,,,,,,1,1,,,,,,,,,
2/13/08,1,,,1,,,5,,,,,,,,,,1,,,,,,,,,,1,,,,,,,,,,,,,,,,,,,1,1,1,,,,,,,,
2/13/08,,1,,1,,,5,,,,,,,,1,,,,,1,,,,,,,,,,,,,,,,,,,,1,1,,,,,1,1,1,,,,,,,,
2/13/08,1,,,1,,,10,,,,,,,,,,1,1,,,,,1,,,,,,,,,,,,,,,,,,,,,,,1,1,1,,,,,,,,
2/13/08,1,,,,1,,5,,,,,,,,1,,,,,,,,1,,,,,,,,,,,,1,,,,,,,,1,,,,1,,,,,,,,,
2/13/08,,1,,,1,,15,1,,,,,,,,,,1,1,1,,,,,,,,,,,,,,,,,,,,,,,,,,1,1,,,1,,,,,,
2/14/08,1,,1,,,,3,,,,,,,,,,1,,,,,,1,,,,,,,,,,,,,,,,,,,,1,,1,1,1,1,,,,,,,,
2/14/08,1,,1,,,,10,,1,,,,,,,,,,,,,,1,,,,1,,,,,,,,,,,,,,,,1,,,1,1,1,,,,,,1,,
2/14/08,,1,,1,,,5,,,,,,,,,,1,,1,1,,,,,,,,,,,,,,,,,,,,,,,,,,1,1,,,,,,,,,
2/15/08,1,,1,,,,20,,,,,,,,,,1,1,,,,,,,,,,,,,,,,,1,,,,,,,,1,,,1,1,1,,,,1,,,,
2/15/08,1,,1,,,,10,,,,,,,,,,1,,,,,1,,,,,,,,,,,,,,,,,,,,,,,,,1,1,,,,,,,,
2/15/08,,1,1,,,,10,,,,,,,,1,,,,,1,1,,,,,,,,,,,,,,,,,,,,,,,,,1,1,1,,1,,,,,,
2/15/08,,1,1,,,,3,,,,,,,,1,,,,,1,,,,,,,,,,,,,,,,,,,,,,,,,,,,,,,,,,,,
2/15/08,,1,,1,,,2,,,,,,,,,,1,,,1,,,,,,,,,,,,,,,,,,,,,,,,,,1,,,,,,,,,,
2/15/08,1,,,1,,,5,,,,,,,,1,,,,,,,,,,,,,,,,,,,,,,,,,1,,,,,1,1,,,,,,,,,,
2/18/08,1,,1,,,,8,,,,,,,1,,,,1,,,,,1,,,,,,,,,,,,,,,,,,,,,,,1,1,,,,,,,,,
2/18/08,,1,1,,,,5,,,,,,,,,,1,,,,,1,,,,,,,,,,,,,,,,,,,,,,,,1,1,,,,,,,,,
2/18/08,,1,1,,,,10,,,,,,,,1,,,,,1,,,,,,,,,,,,,,,,,,,,,,,,,,1,1,1,,,,,,,,
2/18/08,,1,,1,,,10,,,,,,,,,,1,1,,,,,1,,,,,,,,,,,,,,,,,,,,,,,1,1,1,,,,,,,,
2/18/08,,1,,1,,,5,,,,,,,,,,1,,,,,,1,,,,,,,,,,,,,,,,,1,,,,,,,1,,,,,,,,,
2/18/08,,1,,1,,,20,,,,1,,,,,,,,,1,,,,,,,,,,,,,1,,,,,,,,,,,,1,1,1,1,,1,,1,,,,
2/18/08,1,,,1,,,15,,,,,,1,,,,,1,,,,,1,,,,,,,,1,,,,,,,,,1,,,1,,,1,1,1,1,,,,,,,
2/18/08,,1,,,1,,30,1,,,,,,,,,,,,,,,,,,1,,,,,,,,,,,,,,,,,,,,1,1,1,,,,,,,,
2/19/08,,1,1,,,,4,,,,,,,,,,1,,,,,,,,,,,,,,,,,,,,,,,,,,,,1,,1,,,,,,,,,
2/19/08,,1,,1,,,5,,,,,,,,,,1,,,,,,,,,,,,,,,,,,,,,,1,,,,1,,,,,,,,,,,,,
2/19/08,,1,,,1,,,,,,,,,,,,1,,,1,,,,,,,,,,,,,,,,,,,,,,,,,,1,1,,,,,,,,,
2/20/08,,1,1,,,,10,1,,,,,,,,,,,,1,,1,1,,,,,,,,,,,,,,,,,,,,1,,,1,1,1,,,,,,,,
2/20/08,,1,,,1,,30,,,,,,,,1,,,,,1,,,1,,,,,,,1,,,,,,,,,,,,,,,,1,1,1,,,,,,,,
2/20/08,,1,1,,,,15,,,,,,,,1,,,,,1,,,1,,,,,1,,1,,,,,,,,,,,,,,,,1,1,1,1,,1,,,,,
2/20/08,,1,1,,,,6,,,,,,,,,,1,,,1,,,1,,,,,,,,,,,,,,,,,,,,,,,,1,,,,,1,,,,
2/20/08,,1,1,,,,10,,,,,,,,1,,,,,1,,,,,,,,,,,,,,,,,,,,,,,,,,1,1,,,,,,,,,
2/20/08,,1,,,1,,7,,,,,,,,,,1,,,,,,1,,,,,,,,,,,,,,,,,,,,,,,1,1,,,,,,,,,
2/21/08,,1,1,,,,10,,,,,,1,,,,,,,1,,,1,,,,,,,,,,,,,,,,,,,,,,,1,1,1,1,,,1,,,,
2/21/08,1,,1,,,,20,,,,,,,,,,1,1,,,,,,,,,,,,,,,,,,,,,,,,,,,,1,1,,,,,,,,,
2/22/08,1,,1,,,,5,,,,,,1,,,,,,,,,,1,,,,,,,,,,,,,,,,,,,,,,,1,,,,,,,,,,
2/22/08,,1,,1,,,10,,,,,,,,1,,,,,1,1,,,,,,,,,,,,,,,,,,,,,,,,,1,1,1,1,,,1,,,1,
2/22/08,1,,,1,,,15,,,,,,,,,,1,,,,,,,,,,,,,,,,,,,,,,,,,,,,1,1,1,1,,,,,,,1,
2/22/08,1,,,1,,,15,,,,,,,,,,1,,,,,,1,,,,,,,,,,,,,,,,,,,,,,1,1,1,,,,,,,,,
2/24/08,,1,,,,,20,,,,,,,1,,,,,1,,1,,1,,,,,,,,1,,,,,,1,,,,,,1,,,1,1,1,1,1,,,,,,
2/25/08,,1,1,,,,5,,,,,,,,,,1,,1,,,,1,,,,,,,,,,,,,,,,,,,,,,,1,1,1,,,,,,,,
2/25/08,1,,1,,,,15,,,,,,,,,,1,,,,,,1,,,,,,,,,,,,,,,,,,,,,,,1,1,1,,,,,,1,,
2/25/08,,1,1,,,,10,,,,,,,,,,1,,,1,,,,,,,,,,,,,,,,,,,,,,,,,,1,1,1,,,,,,,,
2/25/08,1,,,,1,,15,,,,,,,,,,1,1,,,,,,,,,,,,,,,,,,,,,,,,,,,,,1,,,,,,,,,
2/25/08,1,,,,,1,20,,,,,,,,1,,,1,,,,,1,,1,,1,,,1,,,,,,,,,,,,,,,,1,1,1,,,,,,,,
2/25/08,,1,,,,1,7,,,,,,,,1,,,,,,,,,,,,1,,,,,,,,,,,,,,,,,,,,,1,,,,,,,,
2/26/08,,1,,1,,,2,,,,,,,,,,1,,,,,1,,,,,,,,,,,,,,,,,,,,,,,,,,,,,,,,,,
2/26/08,,1,,1,,,1,,,,,,,,,,1,,,,,,,,,,,,,,,,,,,,,,,,,,,,1,,,,,,,,,,,
2/26/08,1,,,1,,,10,1,,,,,,,,,,,1,,,,1,,1,,,,,,,,,,,,,,,,,,,,,1,1,1,,,,,,,,
2/26/08,,1,,1,,,2,,,,,,,,,,1,,,1,,,,,,,,,,,,,,,,,,,,,,,,,,1,,,,,1,1,,,,
2/27/08,1,,1,,,,8,,,,,,,,,,1,,1,,,,1,,,,,,,,,,,,,,,,,,,,1,,,1,1,1,,,,,,,,
2/27/08,1,,,1,,,,,,,,,,,,,1,1,,,,,1,,,,,,,,,,,,,,,,,,,,,,,,1,1,1,,,,,,,
2/27/08,1,,,1,,,5,,,,,,,,,,1,,,,,,1,,,,,,,1,,,,,,,,,,1,,,,,,1,1,1,,,,,,,,
2/28/08,,1,1,,,,33,,,,,,,,1,,,,1,,,,1,,,,,,,,,1,,,,,,,,,,,,,,1,1,1,,,,,,,,
2/28/08,1,,1,,,,35,,,,,,,,,,1,1,,,,,,,1,,1,,,,,,,,,,,,,,,,,,,1,1,1,,1,,,,,,
2/28/08,,1,,1,,,5,,,,,,,,1,,,,,,,,1,,,,,,,,,,,,,,,,,,,,,,,,1,,,,,,,,,
2/28/08,1,,,,1,,10,,,,,,,,1,,,,,,,,1,,,,,,,,,,,,,,,,,,,,,,,1,1,,,,,,,,,
2/28/08,1,,1,,,,5,,,,,,,,,,1,,,,,,,,,,,,,,,,,,,,,,,,,,,,1,1,1,,,,,,,,1,
2/28/08,1,,,,,1,15,,,,,,,,,,1,1,1,,1,,1,,,,1,,,,,,,,,,,,,,,,,,,,1,1,1,,,,,1,,
2/29/08,,1,1,,,,,,,,,,,,,,1,,,1,,1,,,,,,,,,,,,,,,,,,,,,,,,,1,1,,,,,,,,
2/29/08,0,1,0,1,0,0,15,0,0,0,0,0,0,0,1,0,0,0,0,1,0,0,0,0,0,0,0,0,0,0,0,0,0,0,0,0,0,0,0,0,0,0,0,0,0,1,0,0,0,1,0,1,0,0,0,0
3/3/08,,1,,1,,,1,,,,,,,,1,,,,,,,,,1,,,,,,,,,,,,,,,,,,,,,,,1,,,,,,,,,
3/3/08,1,,,,1,,10,,1,,,,,,,,,,,,,,1,,,,,,,,,,,,,,,,,,,,,,,1,1,,,,,,,,,
3/3/08,,1,,,1,,10,,,,,,,,,,1,,,,,,,,,,,,,,,,,,,,,,,,,,,,1,1,1,,,,,,,,,
3/4/08,,1,1,,,,15,1,,,,,,,,,,,1,1,,,,,,,,,,,1,,,,,,,,,,,,,,,1,1,,,,,,,,,
3/4/08,1,,,1,,,10,,,,1,,,,,,,1,,,,,1,,,,,,,,,1,,,1,,,,,,,,1,,,1,1,1,,,,,,,,
3/4/08,1,,,1,,,15,1,,,,,,,,,,,,,,,1,,,,,,,,,,,,,,,,,,,,,,,1,1,,,,,,,,,
3/4/08,1,,,,1,,5,,1,,,,,,,,,1,,,,,,,,,,,,,,,,,,,,,,,,,,,1,,,,,,,,,,,
3/4/08,,,,,1,,5,,,,,,,,1,,,,,,,,,,,,,,,,,,,,,,,,,,,,,,,,,,,,,,,,,
3/5/08,1,,1,,,,15,,,,,,,,,,1,,,,,,,,,,,,1,,,,,,,,1,1,,,,,,,,1,1,,,,,,,,,
3/5/08,1,,,1,,,13,,,,,,,,,,1,,,,,,1,,,,,,,1,,,,,,,,,,,,,,,,1,1,1,1,,,,,,,
3/5/08,,1,,1,,,10,,,,,,,,,,1,,,1,,,,,,,,,,,,,,,,,,,,,,,,,,1,1,,,,,,,,,
3/6/08,1,,1,,,,20,,,,,,,,,,1,,,1,,1,,,,,,,,,1,,,,,,,,,,,,,,,1,,1,,,,,,,,
3/6/08,,1,1,,,,5,,,,,,,,,,1,,,1,,,,,,,,,,,,,,1,,,,,,,,,,,,,1,,,,,,,,,
3/6/08,1,,1,,,,60,,,,,,,,,,1,,,,,1,,,,,,,,,,,,,,,,,1,,,,,,1,1,1,1,1,,,,,,,
3/6/08,,1,,1,,,40,,,,,,,,1,,,,,,1,,1,1,,1,,,,,,,,,,,,,,,,,,,,1,1,1,,,,,,,,
3/6/08,1,,1,,,,,,,,,,,,,,1,,,,,,,,,,,,,,,,,,,,,,,,,,,,,,,,,,,,,,,
3/6/08,1,,1,,,,,,,,,,,,,,1,1,1,,,,1,,,,,,,,,,,,,,,,,,,,,,,1,1,1,,,,,,,,
3/7/08,,1,1,,,,2,,,,,,,,,,1,,,,,,,,,,,,,,,,,,1,,,,,,,,,,,,,,,,,,,,,
3/7/08,1,,1,,,,5,1,,,,,,,,,,,,,,,1,,,,,,,,,,,,,,,,,,,,,,,1,1,,,,,,,,,
3/7/08,1,,1,,,,2,,1,,,,,,,,,,,,,,,,,,,,,,,,,,,,,,,,,,,,1,1,1,,,,,,,,,
3/7/08,,1,1,,,,1,,1,,,,,,,,,,,,,,,,,,,,,,,,,,,,,,,,,,,,1,,,,,,,,,,,
3/7/08,,1,,,,,,,,,,,,,,,1,,,1,,,,,,,,,,,,,,,,,,,,,,,,,,,,,,,,,,,,
3/8/08,,1,1,,,,25,,,,,,,,1,,,1,,,,,1,,,,,,1,,1,,,,,,,,,,,,,,,1,1,1,1,1,,,,,,
3/9/08,1,,,,1,,30,,,,,,,,,,1,1,1,1,,,1,,,,,,,,1,,,,1,,,,,,,,,,,1,1,1,,1,,1,,,,
3/10/08,1,,1,,,,20,,,,,,,,1,,,,,1,,,1,,,,,1,,1,,,,,,,,,,,1,,1,,,,1,,,,1,,,,1,
3/10/08,1,,,1,,,20,,,,,,,,,,1,1,,,,,1,,,,,1,,,,,,,,,,,1,,,,1,,,1,1,,,,,,,,1,
3/10/08,1,,,,1,,10,,,,,,,,,,1,,,,,,,,,,,,,,,,,,,,,,,,,,,,1,,1,1,,,,,,,,
3/10/08,,1,1,,,,10,,,,,,,,,,1,,,,,,,,,,,,,,1,,,,,,,,,,,,,,,1,1,1,,,,,,,,
3/10/08,1,,,,,1,30,,,,,,,,,,1,,,1,,,,,1,,,,,,,,,,,,,,,,,,,,,,,,,,,,,,,
3/11/08,1,,,1,,,3,,,,,,,,,,1,,,,,,1,,1,,,,,,,,,,,,,,,,,,,,,,,,,,,,,,,
3/11/08,1,1,,1,,,2,,,,1,,,,,,1,,,,1,,1,,,,,,,,,,,,,,,,,,,,,,,1,1,,,,,,,,,
3/10/08,1,,,,1,,20,,,,,,1,,,,,,1,1,,,1,,,,,,,,,,,,,,,,,1,,,,,,1,1,1,,,,,,,,
3/11/08,1,,,1,,,3,,,,,,,,,,1,1,,,,,1,,,,1,,,1,,,,,,,,,,,,,,,,1,1,,,,,,,,,
3/11/08,,1,,,1,,15,,,,,,,,,,1,,,1,,,,,,,,,,,,,,,,,,,,,,,,,,1,1,1,1,1,,1,,,,
3/11/08,,1,,,1,,10,,,,,,,,,,1,,,1,,,,,,,,,,,,,,,,,,,,,,,,,,1,1,,,,,,,,,
3/12/08,,1,,1,,,5,,,,,,,,,,1,,,1,,,,,,,,,,,,,,,,,,,,,,,,,,1,1,,,,,,,,,
3/12/08,1,,,1,,,10,,,,,,,,,,1,,,,,,,,1,,,,,,,,,,,,,,,,,,,,,1,1,1,,,,,,,,
3/12/08,1,,,,1,,,,,,,,1,,,,,,,,,,,,1,,,,,,,,,,1,,,,,,1,,,,,1,1,1,,,,,,,,
3/13/08,1,,1,,,,20,,,,,,1,,,,,,1,,,,1,,,,,1,,,,,,,,1,,,,,,,,,,1,1,1,,1,,1,,,,
3/13/08,1,,1,,,,10,,,,1,,,,,,,,,,1,,,,,,,,,,,,,,,,,,,,,,,,,1,1,1,,,,,,,,
3/13/08,1,,1,,,,10,1,,,,,,,,,,,,1,,,1,,,,,,,,,,,,,,,,,,,,,,,1,1,1,1,,,1,,,,
3/13/08,1,,,1,,,20,,,,1,,,,,,,1,,,1,,1,,,,,,,,,,,,,,,,,,,,,,,1,1,1,,1,,,,,,
3/13/08,1,,,1,,,5,,,,,,,,1,,,1,,,,,,,,,,,,,,,,,,,,,,,,,,,,,1,,,,,,,,,
3/13/08,1,,,,1,,10,,,,1,,,,,,,1,,,,,1,,,,,,,1,,,,,,,,,,,,,,,,1,1,,,1,,,,,1,
3/13/08,,1,,,1,,15,,,,,,,,,,1,,,,,,1,,,,,,,,,,,,,,,,,,,,,,,1,1,1,,,,,,,,
3/13/08,1,,1,,,,15,,,,,,,,,,1,,,1,,,,,1,,,,,,,1,,,,,,,,,1,,,,,1,1,1,,,,,,,,
3/14/08,1,,1,,,,5,,,,,,,,,,1,,,1,,,1,,,,,,,,,,,,,,,,,,,,,,,1,1,,,,,,,,,
3/14/08,1,,1,,,,3,,,,,,,,,,1,,,1,,,,,,,,,,,,,,,,,,,,,,,,,,,1,,,,,,,,,
3/14/08,1,,,1,,,15,,,,,,,,1,,,1,,,,,1,,,,,,,,,,,,,,,,,,,,,,,1,1,1,,,,,,,,
3/14/08,,1,,1,,,30,1,,,,,,,,,,,,1,,,,,,,,,,,,,,,,,,,,,,,,,,,1,1,1,,,,,,1,
3/17/08,,1,1,,,,8,,,,,,,,,,1,,,,,,,,,,,,,,,,,,,,,,,,,,,,1,1,1,,,,,1,,,,
3/17/08,1,,1,,,,10,,,,,,,,,,1,,,,,,1,,,,,,,,,,,,,,,,,,,,,,,1,1,,,,,,,,,
3/17/08,,1,1,,,,6,,,,,,,,,,1,,,,,,,,,,,,,,,,,,,,,,1,,,,,,,1,1,1,,,,,,,,
3/17/08,,1,,1,,,3,,,,,,,,,,1,,,,,,,,,,,,,,,,,,,,,,,,,,,,1,,,,,,,,,,,
3/17/08,,1,,1,,,15,1,,,,,,,,,,,,1,,,1,,,,,,,,,,,,,,,,,,,,,,,1,1,1,,1,,,,,,
3/17/08,1,,,1,,,10,,,,,,,,,,1,1,1,1,,,,,,,,,,,,,,,,,,,,,,,,,,,1,1,,1,,,,,,
3/17/08,1,,,,1,,10,,,,,,,,,,1,,,,,,,,1,,,,,,,,,,,,,,,,,,,,,,1,,,,,,,,,
3/17/08,,1,,,,1,,1,,,,,,,,,,,,,,1,1,,1,,1,,,1,,,,,,,,,1,,1,,,,,1,1,,1,1,,,,,,
3/17/08,1,,,,,1,,1,,,,,,,,,,,,,,,,,1,,1,,,,,,,,,,,,,,,,,,,1,1,1,1,1,,,,,,
3/18/08,,1,1,,,,10,,1,,,,,,,,,,,,,,,,,,,1,,,,,,,,,,,,,,,,,1,1,1,,,,,,,,1,
3/18/08,,1,1,,,,10,,,,,,,,1,,,,,,,,1,,,,,,,,,,,,,,,,,,,,,,,,1,,,,,,,,,
3/18/08,,1,,,1,,5,,,,,,1,,,,,,,,,,,,,,,,,,,,,,,,,,,,,,,,,1,1,,,,,,,,,
3/19/08,,1,1,,,,7,,,,,,,,1,,,,,1,,,,,,,,,,,,,,,,,,,,,,,,,,1,1,,,,,,,,,
3/19/08,,1,1,,,,10,,,,,,,,,,1,,,1,,,1,,1,,,,,,,,,,,,,,,,,,,,,1,1,1,,,,,,,1,
3/19/08,1,,1,,,,35,,1,,,,,,,,,1,,,,,1,,,,1,,,,,,,,1,,,,,,,,,,,1,1,1,,,,1,,1,,
3/19/08,1,,1,,,,5,,,,,,,,,,1,1,,,,,,,,,,,,,,,,,,,,,,,,,,,,,1,1,,,,1,,,,
3/19/08,1,,,1,,,5,,,,1,,,,,,,,,,,,1,,,,,,,,,,,,,,,,,,,,,,,1,1,,,,,,,,,
3/19/08,,1,,1,,,2,,,,,,,,,,1,,,,,1,,,,,,,,,,,,,,,,,,,,,,,,,,1,,,,,,,,
3/19/08,,1,,1,,,10,,,,,,,,,,1,1,,,,,1,,,,,,,,,,,,,,,,,,,,,,,1,1,1,,,,,,,,
3/20/08,1,,1,,,,15,,,,,,,,,,1,,,,,,1,,,,,,,,,,,,,,,,,,,,1,,,1,1,,,,,,,,,
3/20/08,,1,1,,,,15,,,,,,,,,,1,,,1,,,,,,,,,,,,,,,,,,,,,,,,,,1,1,1,,,,,,,,
3/20/08,1,,,1,,,5,,,,,,,,1,,,1,1,,,,1,,,,,,,,1,,,,,,,,,,,,,,,1,1,1,1,,,,,,,
3/20/08,,1,,1,,,,1,,,,,,,,,,,,,,1,,,,,,,,,,,,,,,,,,,,,,,1,1,1,,,,,,,,1,
3/20/08,1,,,1,,,10,,,,,,,,,,1,,,1,,,,,,,,,,,,,,,,,,,,,,,,,,1,,1,,,,,,,,
3/20/08,1,,,1,,,15,,,,,,,,1,,,,1,,,,1,,,,,,,1,,,,,,,,,,1,,,1,,,1,1,1,1,1,,,,,,
3/20/08,1,,,1,,,20,,1,,,1,,,,,,1,,,,,1,,,,,,,,,,,,,,,,,,,,,,,,,,,,,,,,,
3/21/08,,1,1,,,,2,,,,,,,,,,1,,,1,,,,,,,,,,,,,,,,,,,,,,,,,,,,,,,,,,,,
3/21/08,,1,1,,,,0.5,,,,,,,,,,1,,,,,,,,,,,,,,,,,,,,,,,,,,,,,,,,,,,,,,,
3/21/08,1,,1,,,,15,,,,,,,,,,1,1,,,,,1,,,,,1,,1,,,,,,,,,,,,,,,,1,1,1,,1,1,,,,,
3/21/08,1,,,1,,,7,,,1,,,,,,,,1,,,,,1,,,,,,,,,,,,,,,,,,,,,,,1,1,,,,,,,,1,
3/21/08,1,,,1,,,15,,,,,,,,1,,,,1,1,,,1,,,,,,,,,1,,,,,,,,,,,,,1,1,1,1,1,1,,1,,,1,
3/21/08,1,,,1,,,60,,,,,,,,,,1,,,,,,1,,,,,,,,,,,,,,,,,,,,,,,1,1,1,,1,1,,,,,
3/22/08,1,,1,,,,25,,,,,,1,,,,,,,1,,,,,,,,,,,,,,,,,,,,,,,,,,1,1,1,,,,,,,,
3/24/08,,1,1,,,,8,,,,,,,,,,1,,,1,,,,,,,,,,,,,,,,,,,1,,,,1,,,1,1,1,1,1,,,,,1,
3/24/08,,1,,1,,,30,,,,,,,,1,,,,,1,1,1,1,,,,,,,,,,,,,,,,,,,,,,,1,1,,,,,1,,,,
3/24/08,,1,,1,,,4,,,,,,,,1,,,,,,,,,,,,,,,,,,,,,,,,,,,,,,1,,1,,,,,,,,,
3/24/08,1,,,1,,,5,,,,,,,,,,1,,,,,,1,,1,,,1,,,,,,,,,,,,,,,,,,1,1,1,,,,,,,,
3/24/08,1,,,1,,,22,,,,1,,,,,,,,,1,,,,,,,,,,,,,,,,,,,,,,,,,,,1,,,,,1,,,1,
3/24/08,,1,,1,,,3,,,,,,,,,,1,,,,,,1,1,,,,,,,,,,,,,,1,,,,,,,,1,1,1,1,1,,,,,,
3/24/08,,1,,1,,,30,,,,,,,,,,1,,,,,,,,,,1,,,,,,,,,,,,,,,,,,,,,,,,,,,,,
3/24/08,,1,,,1,,10,,,,,,,,,,1,,,1,,,1,,,,,,,,,,,,,,,,,,,,1,,,,1,,,,,,,,,
3/25/08,,1,1,,,,10,,1,,,,,,,,,1,,,,,1,,,,,,,,,,,,,,,,,,1,,,,,1,1,1,1,,,,,,,
3/25/08,,1,1,,,,30,,,,,,,,,,1,,,1,,,1,,,,,,,,,,,,,,,,,,,,,,,1,1,1,,,,,,,,
3/25/08,1,,,1,,,60,,,,,,,,,,1,,,,,,1,,,,,,,,,,,,,,,,,,,,,,,1,1,1,,1,,,,,,
3/25/08,1,,,1,,,25,1,,,,,,,,,,1,1,,,,,,,,,,,,,,,,,,,,,,,,,,,1,1,1,,,,,,,,
3/25/08,1,,,1,,,5,,,,,,,,,,1,,,,,,1,,,,,,,,,,,,,,,,,,,,,,,1,1,,,,,,,,,
3/25/08,,1,,1,,,30,1,,,,,,,,,,,,1,,1,,,,,,,,,,,,,,,,,1,,,,1,,,1,1,1,1,1,,1,,,,
3/25/08,1,,,,1,,25,,,,1,,,,,,,,,,,,,,,,,,,1,,,,,,,,,,,,,,,,1,1,1,,1,1,,,,,
3/26/08,1,,1,,,,10,,,,,,1,,,,,1,,,,,1,,,,,,,,,,,,1,,,,,,,,1,,,1,1,1,,,,,,,1,
3/26/08,1,,1,,,,10,,,,,,,,1,,,,1,,,,1,,,,,,,,,1,,,,,,,,,,,,,,1,1,1,1,,,,,,,
3/26/08,,1,,1,,,5,,,,,,,,1,,,,,,,,1,,,,,,,,,,,1,,,1,,,1,,,,,,,1,1,,,,,,,,
3/26/08,,1,,1,,,10,,,,,,,,,,1,,,1,1,,,,,,,,,,,,,,,,,,,,,,,,,,1,,,,,,,,,
3/26/08,1,,,,1,,10,,,,,,,1,,,,1,,,,,1,,,,,,,,,,,,,,,,,,,,,,,1,1,1,1,,,,,,,
3/26/08,1,,,,,1,30,,,,,,,,,,1,,1,,,,,,,,,,,,,,,,,,,,,,,,,,,,1,1,,,,,,,,
3/26/08,1,,,,,1,,,,,,,,,,,,,,,,,,,,,,,,,,,,,,,,,,,,,,,,,,,,,,,,,,
3/26/08,1,,,,1,,25,1,1,,,,,,,,,,,,,,1,,,,,,,,,,,,,1,,,,,,,,,1,1,1,,,,,,,,1,
3/27/08,,1,1,,,,10,,1,,,,,,,,,,,1,,,,,,,,,,,,,,,,,,,,,,,,,,,1,1,1,,,1,,,,
3/27/08,1,,1,,,,10,,,,,,,,,,1,,,,,,,,1,,1,,,,,,,,1,,,,,,,,1,,,1,1,1,1,,,,,,,
3/27/08,1,,1,,,,30,1,,,,,,,,,,,,,,,,,,,,,,,,,,,,1,,,,,,,,,,1,1,1,1,,,,,,,
3/27/08,1,,1,,,,30,,,,,,1,,,,,1,,,1,1,1,,,,,,,,,,,,,,,,,,,,1,,,1,1,1,1,1,,1,,,,
3/27/08,,1,,1,,,5,,,,,,,,,,1,,,,,,,,,,,,,,,,,,,,,,,1,,,1,,,1,1,1,,,,,,,,
3/27/08,1,,,,1,,5,,,,,,,,,,1,1,,,,,,,,,,,,,,,,,1,,,,,,,,,,,,1,1,,,,,,,,
3/28/08,,1,1,,,,5,,,,,,,,,,1,,,,,1,,,,,,,,,,,,,,,,,,,,,,,,1,,,,,,,,,,
3/28/08,1,,,1,,,20,,,,,,,,,,1,1,,,,,1,,1,,,,,,,1,,1,1,,,,1,,,,,,,1,1,,,,,,,,,
3/28/08,,1,,1,,,3,,,,,,,,,,1,,,1,,,,,,,,,,,,,,,,,,,,,,,,,,,,,,,,,,,,
3/28/08,1,,,1,,,60,,,,,,,,1,,,1,,,,,1,,1,,,1,,,,1,,1,,,,,,1,,,1,,,1,1,1,1,1,,,1,,,
3/28/08,,1,,1,,,5,,,,,,,,,,1,,,1,,,1,,,,,,,,,,,,,,,,,,,,,,,,1,1,,,,,,,,
3/29/08,1,,,1,,,48,,,,,,,,,,1,,,1,,,1,,,,,,,,,,,,,,,,,,,,,,,1,1,1,1,1,,,,,1,
3/31/08,1,,1,,,,15,,,,,,,,,,1,,,,,,1,,1,,,,,,,,,,,,,,,,,,,,,1,1,,,,,,,,,
3/31/08,,1,1,,,,5,,,,,,,,,,1,,,1,,,,,,,,,,,,,,,,,,,,,,,,,,1,1,,,,,,,,,
3/31/08,,1,1,,,,5,,,,,,,,1,,,,,1,,,,,1,,,,,,,,,,,,,,,,,,,,,,1,1,,,,1,,,,
3/31/08,,1,1,,,,20,1,,,,,,,,,,,,1,,,1,,1,,,,,,,1,,,1,,,,1,,,,1,,,1,1,1,1,1,,,,,,
3/31/08,,1,,1,,,1,,,,,,,,,,1,,,,,,,,,,,,,,,,,,,,,,,,,,,,,,,,,,,,,,,
3/31/08,,1,,1,,,2,,,,,,,,,,1,,,1,,,,,,,,,,,,,,,,,,,,,,,,,,1,1,,,,,,,,,
3/31/08,1,,,1,,,15,,,,,,,,1,,,,1,1,1,,1,1,,,,,,,,,,,1,,,,,,,,,,,1,1,1,1,1,,,,,,
3/31/08,1,0,0,0,1,0,30,0,1,0,0,0,0,0,0,0,1,1,0,0,0,0,1,0,0,0,0,0,0,0,0,0,0,0,0,0,0,0,0,0,0,0,1,0,0,1,1,1,1,1,0,0,0,0,0,0
4/1/08,,1,1,,,,10,,,,,,,,,,1,,,1,,1,,,,,,,,,,,,,,,,,,,,,,,,1,1,,1,,,,,,,
4/1/08,1,,1,,,,8,,1,,,,,,,,,,,1,,,1,,,,,,,,,,,,,,,,,,,,,,,,1,,,,,,,,,
4/1/08,,1,,1,,,3,,,,,,,,,,1,,,1,,,,,,,,,,,,,,,,,,,,,,,,,,1,1,,,,,,,,,
4/1/08,,1,,1,,,3,,,,,,,,,,1,,,1,,,,,,,,,,,,,,,,,,,,,,,,,,1,1,,,,,,,,,
4/1/08,,1,,1,,,20,,,,,,,,,,1,,,,,,,,1,,1,,,,,1,,,,,,,,,,,,,,1,1,1,,1,,,,1,,
4/1/08,,1,,,1,,5,,,,,,,,,,1,,,1,,,,,,,,,,,,,,,,,,,,,,,,,,1,1,,,,,,,,,
4/1/08,,1,,,1,,25,,,,,,,,,,1,,,,,,1,,1,,1,,,1,,,,,,,,,,,,,,,,1,1,,,,,,,,,
4/2/08,1,,1,,,,15,,1,,,,,,,,,1,,1,,,1,,,,,,,,,,,,,,,,,,,,,,,1,1,1,1,1,,1,,,1,
4/2/08,1,1,1,,,,10,,,,,,,,,,1,1,1,1,,,1,,,,,,,,,,,,,1,,,,,,,,,,1,1,1,1,,,1,,,1,
4/2/08,,1,,1,,,10,,,,,,,,,,1,,,1,,,,,,,,,,,,,,,1,,,,,,,,,,,,1,,,,,,,,,
4/2/08,,1,,1,,,5,,,,,,,,,,1,,,,,,1,1,1,,,,,,,,,,,,,,,,,,,,,1,1,1,1,,,,,,,
4/2/08,,1,,1,,,5,,,,,,,,,,1,,,,,,1,1,,,,,,,,,,,1,,,,,,,,,,,1,1,1,1,,,,,,,
4/3/08,1,,1,,,,4 5,,,,,1,,,,,,,,,,,1,,1,,,,,,,,,,,,,,,,,,,,,1,1,1,,,,,,,,
4/3/08,,1,1,,,,25,,,,,,,,,,1,,,,,,1,,,,,,,,,,,,,,,,,,,,,,,1,1,1,,,,,,,,
4/3/08,1,,,1,,,20,,1,,,,,,,,,1,,1,,,1,,,,,,,,,,,,,,,,,,,,,,,1,1,1,1,1,,1,,,,
4/3/08,1,,,1,,,15,,1,,,,,,,,,1,,,,,1,,,,,,,,,,,,,,,,,,,,,,,1,1,1,,,,,,,,
4/3/08,1,,,1,,,30,,,,,,,,1,,,1,,,,,1,,1,,1,1,,1,,1,,,,,,,,1,,,,,,1,1,1,1,1,,,,1,1,
4/3/08,,1,,,,,,,,,,,,,1,,,,,,,1,1,,,,,,,,,,,,,,,1,,,,,,,,1,1,,,,,,,,,
4/4/08,,1,1,,,,10,,,,,,,,,,1,,,1,,,,,,,1,,,,,,,,,,,,,,,,1,,1,,1,,,,,,,1,1,
4/4/08,,1,1,,,,2,,,,,,,,,,1,,,,,,,,,,,,,,,,,,,,,,,,,,,,1,,,,,,,,,,,
4/4/08,,1,,1,,,1,,,,,,,,,,1,,,,,,,,,,,,,,,,,,,,,,,,,,,,1,,,,,,,,,,,
4/7/08,,1,1,,,,48,,,,,,,,,,1,,,1,,1,1,,,,,1,,,,,,,1,,,1,,,,,,,,1,1,1,,1,,1,,,,
4/7/08,,1,1,,,,12,,,,,,,,,,1,,,,,,1,,1,,1,,,,,,,,,,,,,,,,,1,,1,1,,,1,,,,1,,
4/7/08,1,,,1,,,30,,,,,,,,,,1,1,,,,,1,,1,,,1,,,,,,,,,,,,,,,,,,1,1,1,,1,,,,,1,
4/7/08,,1,,1,,,10,,,,,,,,,,1,,,1,,1,,,,,,,,,,,,,,,,,,,,,,,,,,,,,,,,,,
4/7/08,1,,,1,,,20,,,,,,,,,,1,1,1,1,,,1,,,,,,,,1,,,,,,,,,,,,,,,1,1,1,1,1,,,,,,
4/7/08,,1,,1,,,10,,,,,,,,,,1,,,1,,1,,1,,,,,,,,,,,,,,,,,,,,,,1,1,1,1,1,,1,,,,
4/8/08,1,,1,,,,18,,,,,,,,,,1,1,,,,,,,1,,,,,,,,,,1,,,,,,,,1,,,1,1,1,1,,,,,,,
4/8/08,1,,,1,,,10,,1,,,,,,,,,1,,,,,1,,,,,,,,,,,,,,,,,,,,,,,1,1,1,,,,,,,,
4/8/08,,1,,1,,,60,,,,,,,1,,,,,1,1,,,1,,,,,,,,1,,,,,,,1,,,,,,,,1,1,1,1,1,,1,,,,
4/8/08,,1,,1,,,15,,,,,,,,1,,,,,1,1,1,,,,,,,,,,,,,,,,,,,,,,,,1,1,,1,,,,,,,
4/8/08,1,,,1,,,10,,,,,,,,1,,,,,,,,1,,1,,,,,,1,,,,,,,,,,,,,,,1,1,1,1,,,,,,,
4/9/08,1,,1,,,,15,,1,,,,,,,,,1,,,,,1,,,,,,,1,,,,,,,,,,,,,,,,1,1,1,,1,,1,,,,
4/9/08,,1,1,,,,3,,,,,,,,,,1,,,,,,,,,,,,,,,1,,,,,,,,,,,,,,,1,,,,,,,,,
4/9/08,,1,1,,,,5,,,,,,,,,,1,,,1,,,,,,,,,,,,,,,,,,,,,,,,,,,1,1,,,,1,,,,
4/9/08,,1,,1,,,10,,,,,,,,,,1,,,1,,,1,,,,,,,,,,,,,,,,,,,,,,,1,1,1,1,,,,,,,
4/9/08,,1,,1,,,5,,,,,,,,,,1,,,1,,,,,,,,,,,,,,,,,,,,,,,,,,,,,,,,,,,,
4/9/08,1,,,1,,,10,,,,,,,,,,1,,,,,,1,,,,,,,,,1,,,1,,,,,,,,,,,1,1,,,,,,,,,
4/9/08,,1,,,1,,20,,,,,,,,,,1,,,1,,,1,,,,,,,,,,,,,,,,,,,,,,,1,1,,,,,,,,,
4/7/08,,1,,1,,,15,,,,,,,,,,1,,,1,,,,1,1,,,,,,1,,,,1,,,,,,,,,,1,1,1,1,,1,,,,,,
4/8/08,,1,,1,,,35,,,,,1,,,,,,,,,,,,,1,,,,,,,,,,,,,,,,,,,,,1,1,1,,1,,,,1,,
4/8/08,,1,,1,,,15,,,,,1,,,,,,,,,,,,,1,,,,,,,,,,,,,,,,,,,,,1,1,1,,,,,,,,
4/8/08,,1,,,1,,10,,,,,,,,1,,,,,,,,1,,1,,1,,,,,,,,,,,,,,,,,,,1,1,1,,1,,,,,,
4/9/08,,1,,,1,,10,,,,,,,,,,1,,,1,,,,,,,,,,,,,,,,,,,,,,,,,1,,1,,,,,,,,,
4/10/08,,1,,1,,,4,,,,,,,,,,1,,,,,,1,,,1,,,1,,,,,1,,,,,,,,,,,,1,1,1,,,,,,,,
4/10/08,1,,,,1,,25,,,,,,1,,,,,,,,,,,,,,,,,,,,,,,,,,,,1,,,,,,,,,,,,,,,
4/10/08,,1,1,,,,3,,,,,,,,,,1,,,,,,1,,1,,1,,,,,,,,,,,,,,,,,,,1,1,,,,,,,,,
4/11/08,1,,1,,,,15,1,,,,,,,,,,,,,,,1,,1,,1,,,,,,,,,,,,,,,,,,,1,1,1,1,1,,,,1,1,
4/10/08,1,,,,,1,15,1,,,,,,,,,,,,,,,1,,,,,,,,,,,,,,,,,,,,,,,1,1,,,,,,,,,
4/11/08,1,,1,,,,15,1,,,,,,,,,,1,,,,,1,,,,,,,,,,,,,,,,,,,,,,,1,1,1,,,,,,,,
4/10/08,1,,1,,,,20,,,,,,,,,,1,,,1,,,1,,,,,,,1,,,,,,,,,,,,,,,,1,1,1,,1,,,,,,
4/11/08,1,,1,,,,10,,,,,,,,,,1,,1,1,,,1,,,,,,,,,,,,,,,,,,,,,,,1,1,,,,1,,,,,
4/11/08,1,,1,,,,15,,,,,,1,,,,,,,1,,,1,,,,,,,,,,,,,,,,,,,,,,,,,,,,,,,,,
4/11/08,1,,,1,,,10,,,,,,,,,,1,1,,,,,1,,,,,,,,,,,,,,,,,,,,,,,1,1,,,,,,,,,
4/11/08,1,,,1,,,5,,,,,,,,,,1,,,,,,,,1,,,,,,,1,,,,,,,,,,,,,,1,1,1,,,,,,,,
4/9/08,,1,,1,,,10,1,,,,,,,,,,,,1,,,,,,,,,,,,,,,,,,,,,,,,,,,,,,,,1,,,,
4/11/08,,1,,1,,,10,,,,,,,,,,1,,,1,,1,,,1,,1,,,,,,,,1,,,,1,,,,1,,,1,1,1,1,,,,,,,
4/14/08,,1,1,,,,10,,,,,,,,,,1,,,1,1,1,,,,,,,,,,,,,,,,,1,,,,,,,1,1,1,1,1,,,,,,
4/12/08,,1,1,,,,10,,,,,,,,,,1,,,1,1,1,,,,,,,,,,,,,,,,,,,,,,,,1,1,1,1,1,,,,,,
4/14/08,,1,1,,,,10,,,,,,,,,,1,,,1,1,1,,,,,,,,,,,,,,,,,,,,,,,,1,1,1,1,,,,,,,
4/14/08,,1,1,,,,10,1,,,,,,,,,,,1,1,,,1,,,,,,,,,,,,,,,,,,,,,,,,1,1,,,,,,,,
4/14/08,1,,1,,,,2,,,,,,,,,,1,,,,1,,,1,,,,,,,,,,,,,,,,,,,,,,1,1,1,,,,,,,,
4/14/08,1,,,1,,,5,1,,,,,,,,,,,,,,,1,,,,,,,,,,,,,,,,,,,,,,,1,1,1,1,,,,,,,
4/14/08,1,,,1,,,5,,,,,,,,1,,,1,,,,,,,,,,,,,,,,,,,,,,,,,,,,1,1,,,,,,,,,
4/14/08,1,,,1,,,5,,,,,,,,,,1,1,,,,,,,,,,,,,,,,,,,,,,,,,,,,1,1,,,,,,,,,
4/14/08,1,,,1,,,15,,,,,,,,,,1,,,,,,,,,,,,,,,,,,,,,,,,,,,,,,,,,,,,,,1,
4/14/08,1,,1,,,,10,,,,,,,,,,1,1,,,,,1,1,,,,,,,,,,,,,,,,,,,,,,,,,,,,,,,,
4/15/08,,1,,,,1,10,,,,,,,,1,,,,,1,,,1,,,,,,,,,,,,,,,,,,,,,,,1,1,,1,,,,,,,
4/15/08,1,,1,,,,10,,1,,,,,,,,,,,,,,1,,1,,,,1,1,,,,1,,,,,,,,,,,,1,1,1,1,1,1,,,,,
4/15/08,1,,,1,,,5,,,,,,,,1,,,,1,,,,1,,,,,,,,,,,,,,,,,,,,,,,,,,,,,,,,,
4/15/08,,1,,1,,,2,,,,,,,,,,1,,,,,,,,,,,,,,,,,,,,,,,1,,,,,,1,,,,,,,,,,
4/15/08,,1,,,1,,5,,,,,,,,,,1,,,1,,,1,,,,,,,,,,,,,,,,,,,,,,,1,1,,,,,,,,,
4/16/08,,1,1,,,,8,,1,1,,,,,,,,,,1,,,,,,,,,,,,,,,,,,,,,,,,,,,1,1,,,,,,,,
4/16/08,,1,1,,,,8,,,,,,,,1,,,,,,,,,1,,,,,,,,,,,,,,,,,,,,,,1,1,,,,,,,,1,
4/16/08,,1,,1,,,,,,,,,,,,,1,,,1,,1,,,,,,,,,,,,,,,,,,,,,,,,,1,,,,,,,,,
4/16/08,,1,,1,,,10,,,,,,,,,,1,,,1,,,,,,,,,,,,,,,,,,,,,,,1,,,1,1,1,,,,,,,,
4/16/08,,1,,1,,,5,,,,,,,,,,1,,,1,,,1,,,,,,,,,,,,,,,,,1,,,,,,,1,1,,,,,,,,
4/16/08,,1,,1,,,10,,,,,,,,,,1,,,,,,,,,,,,,,,,,,,,,,,,,,,,,1,1,,,,,,,,,
4/16/08,1,,,1,,,7,,,,,,,,,,1,,,,,,,,,,,,,,,,,,,,,,,,,,,,,1,1,,,,,,,,,
4/16/08,,1,,1,,,30,,,,,,,,,,1,1,,1,,,1,,,,,,,,,,,,1,,,,,,,,,,,1,1,1,1,1,,,,,,
4/16/08,,1,,,1,,20,,,,,,,,,,1,,,,,,1,,,,,,,,,,,,,,,,,,,,,,,1,1,1,,,,1,,,,
4/17/08,1,,1,,,,20,,,,,1,,,,,,1,,,,,1,,1,,,,,,,,,,,,,,,,,,,,,1,1,,,,,,,,,
4/17/08,,1,,1,,,10,,,,,,,,,,1,,,1,,,,,,,,,,,,,,,,,,,,,,,,,,1,1,1,,,,,,,,
4/17/08,1,,,1,,,5,,,,,,,,,,1,,1,,,,,,,,,,,,,,,,,,,,,1,,,,,,1,1,1,,,,,,,,
4/17/08,1,,,1,,,50,,,,,,,,,,1,1,,,,,1,1,,,,,,,,,,,,,,,,,,,,,,1,1,1,,,1,,,,,
4/17/08,1,,,1,,,15,,,,,,,,,,1,1,,,,,1,,,,,,,1,,,,,,,,,,,,,,,,1,1,1,,1,,,,,,
4/17/08,1,,,,1,,20,,,,,,,,,,1,,1,,,,1,,,,,,,,,,,1,,,1,,,,,,,,,1,1,1,,,,,,,,
4/18/08,1,,1,,,,5,,,,,,,,,,1,,,,,,1,,,,,,,,,,,,,,,,,,,,1,,,1,1,,,,,,,,,
4/18/08,1,,1,,,,20,,,,,,,,1,,,,,,,,1,,,,,,,,,,,,,,,,,,,,1,,,1,1,,,,,,,,,
4/18/08,1,,1,,,,10,,1,,,,,,,,,,,,,,,,1,,,,,,,,,,,,,,,,,,,,,1,1,,,,,,,,,
4/20/08,1,,,,1,,5,,,,,,,,,,1,,,,,,,,1,,1,,,,,1,,,,,,,,,,,,,,1,1,,,,,1,,,,
4/20/08,1,,,,,1,10,,,,,,,,,,1,1,1,,,,1,,,,,,,,,1,,,,,,,,,,,,,,1,1,,,,,,,,,
4/21/08,1,,,,1,,30,1,,,,,,,,,,,,1,,1,,,,,,,,,,,,,,,,,,,,,,,,1,1,1,,1,,,,,,
4/21/08,,1,1,,,,10,,,,,,,,,,1,,,,,,1,,,,,,,,,,,,,,,,1,,,,,,,1,1,1,,,,,,,,
4/21/08,,1,1,,,,8,,,,,,,,,,1,,,1,,,,,1,,,,,,,,,,,,,,,,,,,,,1,1,1,,,,,,,,
4/21/08,,1,,,,,5,,,,,,,,,,1,,,,,,,,,,,,,,,,,,,,,,,,,,,,1,1,1,,,,,,,,,
4/21/08,1,,,,,1,15,,,,,,,,,,1,1,1,,,,1,,,,,,,1,,,,,,,,,,,,,,,,1,1,1,,1,1,,,,,
4/21/08,1,,,1,,,10,,,,,,1,,,,,1,,,,,1,,,,,,,,,,,,,,,,,,,,,,,1,1,,,,,,,,,
4/21/08,1,,1,,,,25,,1,,,,,,,,,,,1,,,1,,,,,,,,,,,,,,1,,,,,,,,,1,1,,,,,,,,,
4/20/08,1,,,,,1,60,,,,,,1,,,,,1,1,,,1,1,,1,,1,1,,1,1,,,,,,,,,,,,,,,1,1,1,1,1,,,,,,
4/21/08,1,,,1,,,15,,,,,,,,,,1,,,1,,,,,,,,,,,,,,,,,,,1,,,,,,,1,1,1,1,1,,,,,1,
4/21/08,1,,,1,,,5,,,,,,,1,,,,1,,,,,1,,,,,,,,,,,1,1,,,,,,,,,,,1,1,1,,1,,,1,,1,
4/21/08,,1,,,1,,1,,,,,,,,,,1,,,,,,,,,,,,,,,,,,,,,,,,,,,,1,,,,,,,,,,,
4/22/08,,1,1,,,,10,,,,,,1,,,,,,,,1,,1,,,,,,,,,,,,,,,,,,1,,1,,,1,1,1,1,,,,,,,
4/22/08,1,,,1,,,10,1,,,,,,,,,,1,1,,,,1,,,,,,,,,,,,,,,,,,,,1,,,1,1,,,,1,,,,,
4/22/08,1,,,,1,,10,,,,,,,,,,1,1,,,,,1,,,,,,,,,,,,,,,,,,,,,,,1,1,1,,1,,,,,,
4/22/08,1,,,,1,,15,,,,,,1,,,,,,,,,,,,,,1,,,1,,,,,,,,,,,,,1,,,1,1,1,1,1,,,,1,,
4/22/08,1,,,,,1,15,,1,,,,,,,,,,,,,,1,,,,,,,,,,,,,,,,,,,,,,,1,1,1,,1,,,1,,,
4/23/08,1,,1,,,,10,,,,1,,,,,,,,,,,,1,,,,,,,,,,,,,,,,,,,,1,,,1,1,1,1,,,,,,,
4/23/08,1,,1,,,,15,,,,,,,,,,1,1,1,,,,1,,1,,,,,,,,,,1,,,,,1,,,,,,1,1,1,1,1,,,,,,
4/23/08,1,,,,1,,10,,,,,,,,,,1,1,,,,,1,,,,,,,,,,,,,,,,,,,,,,,1,1,1,,,,,,,,
4/23/08,1,,,,1,,15,,,,,,,,,,1,,,,,,,,,,,,,,,,,,,,,,,,,,,,1,1,,,,,,,,,,
4/23/08,,1,,,1,,20,,,,,,,,,,1,,,,,,,,,,,,,,,,,,,,,,,,,,,,1,1,1,,,,,,,,,
4/24/08,,1,1,,,,4,,1,,,,,,,,,,,1,,,,,,,,,,,,,,,,,,,,,,,,,,1,1,,,,,,,,,
4/24/08,1,,1,,,,15,,1,,,,,,,,,1,,,,,1,,,,,,,,,,,,,,,,,,,,1,,,1,1,,,,,,,,,
4/24/08,1,,1,,,,5,,,,,,,,,,1,,,,,,1,,,,,,,,,,,,,,,,,,,,,,,1,,,,,,,,,,
4/24/08,,1,,1,,,10,,,1,,,,,,,,,,1,1,,1,,1,,,,,,,,,,,,,,,,,,,,,1,1,1,,,,,,,,
4/24/08,,1,,1,,,5,,,,1,,,,,,,,,,,1,,,,,,,,,,,,,,,,,,,,,,,,1,1,,,,,,,,,
4/24/08,,,,1,,,20,,,,,,,,,,1,,,1,,,,,,,,,,,,,,,,,,,1,,,,,,,1,1,1,,1,,1,,,,
4/24/08,,,,1,,,10,1,,,,,,,,,,,,1,,,,,,,,,,,,,,,,,,,,,,,,,,1,1,1,,,,,,,,
4/24/08,,1,,,1,,15,1,,,,,,,,,,,,1,,1,1,,,,,,,,,,,,,,,,1,,,,,,,1,1,1,,,,,,,,
4/24/08,,1,,,1,,15,1,,,,,,,,,,,,1,,1,1,,,,,,,,,,,,,,,,1,,,,,,,1,1,1,,,,,,,,
4/24/08,,,,,1,,15,,,,,,,,1,,,,,,,,1,,1,,,,,,,,,,,,,,,,,,,,,1,1,1,1,,,,,,,
4/24/08,1,,,,1,,10,,,,,,,,,,1,,,,,,1,,,,1,,,,,,,,,,,,,,,,,,,1,1,,1,,,,,,,
4/24/08,1,,,,,1,10,,,,,,,,,,1,,,,,,,,,,1,,,,,,,,,,,,,,,,,,,1,1,,,1,,,,,,
4/24/08,1,,,,1,,5,,,,,,,,1,,,,,1,1,,,,,,,,,,,,,,,,,,,,,,,,,,,,,,,,,,,
4/25/08,,1,,1,,,10,,,,,,,,1,,,,,1,,,,,,,,,,,,,,,,,,,,,,,,,,1,1,1,,,,,,,,
4/28/08,1,,1,,,,13,,,,,,,,,,1,,,,,,1,,,,,,,,,,,,,,,,,,,,,,,1,1,1,,,,,,,1,
4/28/08,1,,1,,,,8,,,,,,,,,,1,,1,,,,,1,,,,,,,,,,,,,,,,,,,,,,1,1,1,,,,,,,,
4/28/08,1,,1,,,,13,,,,,,,,,,1,,,,,,1,,,,,,,,,,,,,,,,,,,,,,1,1,1,1,,,,,,,,
4/28/08,1,,1,,,,25,1,,,,,,,,,,,,1,,,1,,,,,,,,,,,,,,,,,,,,,,1,1,1,,,,,,,,,
4/28/08,1,,,,,1,60,,,,,,,,1,,,1,,,,,1,,,,,,,1,,,,,,,,,,,,,,,,1,1,1,1,1,1,,,,,
4/28/08,1,,,1,,,5,,,,,,,,1,,,,,1,,,,,,,,,,,,,,,,,,,,,,,,,,1,1,1,,,,,,,,
4/28/08,,1,,1,,,20,,,,,,,,1,,,,,1,1,1,1,,,,,,,,,,,,,,,,,,,,,,,1,1,1,1,1,,,,,,
4/28/08,1,,,1,,,5,,,,,,,,1,,,1,,,1,,,,,,,,,,,,,,,,,,,,,,,,,,1,1,,,,,,,1,
4/28/08,1,,,,,1,15,,,,,,,,1,,,1,,,,,1,,,,,,,,,,,,,,,,,,,,,,,,1,,,,,,,,,
4/29/08,1,,,,1,,15,,,,,,,,,,1,,,,,,1,,,,,,,,,,,,,,,,,,,,,,,1,1,,,,,,,,,
4/29/08,1,,,1,,,5,,,,,,,1,,,,1,,,,,1,,1,,,,,,,,,,1,,,,,,,,,,,,1,,,,,,,,,
4/29/08,1,,,,1,,10,,,,,,,,,,1,,1,1,,,1,,,,,,,,,,,,,,,,,,,,,,,1,1,1,,1,,,,,,
4/30/08,1,,1,,,,8,,,,,,,,,,1,,,,,,1,,,,,,,,,,,,,,,,,,,,,,,,1,1,,,,,,,1,
4/30/08,1,,,1,,,10,,,,,,,,1,,,,,,,,,,1,,,,,,,,,,,,,,,,,,,,,1,1,1,,,,,,,,
4/30/08,1,,1,,,,20,,,1,,,,,,,,,,,,,1,1,1,,,,,,,,,,,,,,,,,,,,,1,1,1,1,,,,,,,
4/30/08,1,,,1,,,5,,,,,,,,,,1,,,,,,1,,,,,,,,,,,,,,,,,,,,,,,1,1,1,,,,,,,,
4/30/08,,1,,1,,,5,,,,,,,,,,1,,,,,,,,,,,,,,,,,,1,,,,,,,,,,,,1,1,,,,,,,,
4/30/08,0,1,0,1,0,0,5,0,0,0,0,0,0,0,0,0,1,0,0,1,0,1,0,0,0,0,0,0,0,0,0,0,0,0,0,0,0,0,0,1,0,0,0,0,0,1,1,1,0,0,0,0,0,0,0,0
5/1/08,,1,1,,,,15,,,,,,,,,,1,,,1,,,,,,,,,,,,,,,,1,,,,,,,,,,1,1,,,,,1,,,,
5/1/08,1,,1,,,,30,,,,,,,,1,,,1,,,1,,1,,,,,,,,,,,,,,,,,,1,,,,,1,1,,,,,,,,,
5/1/08,1,,1,,,,25,,1,,,,,,,,,,1,,,,1,,,,,,,,,,,,,,,,,,,,,,,1,1,1,1,1,,1,,,,
5/1/08,1,,,1,,,15,,1,,,,,,,,,,1,1,,,1,,,,,,,,1,,,,,,,,,,,,,,,1,1,,,,,,,,,
5/1/08,1,,,1,,,10,1,,,,,,,,,,1,,,,,1,,,,,,,,,,,,,,,,,,,,,,,1,1,1,,1,,1,,,,
5/1/08,1,,,1,,,20,,,,,,,,1,,,1,,,,,,,,,,,,,1,,,,,,1,,,,,,1,,1,1,1,1,,1,,1,,,1,
5/1/08,1,,,1,,,20,,1,,,,,,,,,1,,,,1,1,,,,,,,1,,1,,,,,,,,,,,1,,,1,1,1,,,,,,,,
5/1/08,,1,,1,,,10,,,,,,,,1,,,,,,,,,,,,,,,,,,,,,,,,,,,,,,1,,1,,,,,,,,,
5/2/08,1,,1,,,,5,,1,,,,,,,,,,,,,,1,,1,,,,,,,,,,,,,,,,,,,,,1,1,,,,,,,,,
5/2/08,,1,1,,,,5,,,,,,,,1,,,,,1,,1,1,,,,,,,,,,,,,,,,,,,,,,,1,1,1,1,,,,,,,
5/2/08,1,,1,,,,15,,1,,,,,,,,,,,,,,,,,,,,,,,,,,,,,,,,1,,,,,1,1,,,,,,,,,
5/2/08,1,,,1,,,5,,,,,,,,1,,,,,,,,,,,,,,,,,,,,,,,,,,,,,,1,,1,,,,,,,,,
5/2/08,1,,,1,,,15,,,,,,,1,,,,1,,,,,1,,,,,,,1,,1,,1,1,,,,,1,,,,,,1,1,1,,1,,,,,,
5/2/08,1,,,1,,,15,,,,,,,,1,,,1,,,,,,,,,,,,,,,,,,,,,,,,,,,,1,1,1,,1,1,,,,1,
5/2/08,1,,,,1,,45,,,,,,,,1,,,1,,,,,1,,,,,,,1,,,,,,,,,,,,,,,,1,1,1,1,,,,,,,
5/5/08,,1,1,,,,5,,,,,,,,,,1,,,,,1,,,,,,,,,,,,,,,,,,,,,,,,1,1,1,,,,,,,,
5/5/08,1,,1,,,,10,,,,,,,,,,1,1,1,,,,1,,,,,,,,,,,,,,,,,,,,,,,1,1,1,,,,,,,,
5/5/08,1,,1,,,,10,1,,,,,,,,,,,,,,,1,,,,,,,,,,,,,,,,,,,,,,,1,1,1,,,,,,,,
5/5/08,,1,,1,,,10,1,,,,,,,,,,,,1,,1,1,,,,,,,,,,,,,,,,,,,,,,,1,1,,,,,,,,,
5/5/08,1,,,1,,,10,,,,,,,,,,1,1,,,,,1,,,,,,,,,,,,,,,,,,,,,,,1,1,,,,,,,,,
5/5/08,,1,,1,,,30,,,,,,,,1,,,,,1,,,,,,,,,,,,,,,,,,,,,,,,,,1,1,1,1,1,,,,,,
5/5/08,1,,,1,,,2,,,,,,,,,,,,,,,,,,,,,,,,,,,,,,,,,,,,,,,,,,,,,,,,,
5/5/08,,1,,,1,,10,,,,,,,,,,1,,,,,,,,,,,,,,,,,,,,,,1,,,,,,1,1,1,1,,,,,,,,
5/5/08,,1,,,1,,8,,,,,,,,,,1,,,1,,,,,,,,,,,,,,,,,,,,,,,,,,1,1,,,,,,,,,
5/5/08,,1,,,1,,20,,,,,,,,,,1,,,,1,,,,1,,,,,,,,,,,,,,,,,,,,1,1,1,,,,,,,,1,
5/5/08,,,,,1,,5,,,,,,,,,,1,1,,1,,,1,,,,,,,,,,,,,,,,,1,,,,,,1,1,1,1,,,,,,,
5/6/08,1,,1,,,,10,,1,,,,,,,,,1,,,,,1,,1,,,,,,,,,,,,,,,,,,1,,,1,1,,,,,,,,,
5/6/08,1,,1,,,,45,,1,,,,,,,,,1,,,,,,,1,,,,,,,,,,,,,,,,,,1,,1,1,1,1,1,1,,,,,,
5/6/08,1,,1,,,,30,1,,,,,,,,,,1,,,,,1,,,,,,,1,,,,,,,1,,,,,1,1,,,1,1,,1,,,,,,,
5/6/08,,1,,1,,,15,,,,,,1,,,,,,,1,,,1,,,,,,,,,,,,,,,,1,,,,,,,1,1,,,,,,,,,
5/6/08,1,,,,1,,5,,,,,,,,1,,,,,,,,1,,,,,,,,,,,,,,,,,,,,,,,1,1,,,,,,,,,
5/6/08,,1,,,1,,5,,,,,,,,1,,,,,1,,,,,,,,,,,,,,,,,,,,,,,,,,,1,,,,,1,,,,
5/7/08,,1,1,,,,10,,,,,,,,,,1,,,,,,,,,,,,,,,,,,,,,,,,,,,,,,1,1,,,,,,,,
5/7/08,1,,,1,,,2,,1,,,,,,,,,,,,,,,,,,,,,,,,,,,,,,,,,,,,,,,,,,,,,,,
5/7/08,1,,,1,,,20,,,,,,,,,,1,1,,,,,1,,,,,,,,,,,,1,,,,,1,,,1,,1,1,1,1,1,,,,,,,
5/8/08,1,,1,,,,5,,,,,,1,,,,,,,,,,1,,,,,,,,,,,,,,,,,,,,,,,1,1,,,,,,,,,
5/8/08,,1,1,,,,5,,,,,,,,,,1,,,1,,,,,,,,,,,,,,,,,,,,,,,,,,1,1,,,,,,,,,
5/8/08,,1,1,,,,5,,,,,,,,,,1,,,,,,,,,,,,,,,1,,,,,,,,,,,,,1,,1,,,,,,,,,
5/8/08,1,,1,,,,5,,,,,,,,,,1,1,,,1,,1,,,,,,,,,,,,,,,,,,,,,,,1,1,,,,,,,,,
5/8/08,,1,,1,,,25,,,,,,,,,,1,,,1,,,1,,,,,,,,,,,,,,,,1,,,,,,,1,1,1,1,1,,,,,,
5/8/08,,1,,1,,,15,,,,,,,,,,1,,,1,,1,,,,,,,,,,,,,,,,,,,,,,,,1,1,1,1,1,,,,,,
5/8/08,1,,,1,,,10,,,,,,,,1,,,1,,1,,1,1,,,,,,,,,,,,,,,,,,,,,,,1,1,1,1,1,,,,,,
5/8/08,,1,,1,,,5,,,,,,,,1,,,,,1,,,,,,,,,,,,,,,,,,,,,,,,,,1,1,1,1,,,,,,,
5/9/08,1,,1,,,,2,,,,,,,,,,1,,,,,,,,1,,1,,,,,,,,1,,,,,,,,,,,1,1,,,,,,,,,
5/9/08,1,,1,,,,13,,,,,,,,,,1,,,,,,1,,,,,,,,,,,,1,,,,,,,,,,,1,1,,,,,,,,,
5/9/08,,1,,,1,,35,,1,,,,,,,,,,,1,,,1,,,1,,,,1,,,,,,,,,,,,,,,,1,1,1,1,1,,,,,,
5/12/08,1,,,1,,,15,,,,,,,,,,1,,,,,,,1,,,,,,,,,,,,,,,,,,,,,1,,1,1,1,1,,,,,,
5/12/08,1,,,,1,,,,,,,,,,1,,,,,,,,1,,,,,,,,,,,,,,,,,,,,,,1,1,1,1,,,,,,,,
5/13/08,1,,1,,,,45,,,,,,,,,,1,1,,,,,1,,,,,,,1,,,,,,,,,,,,,,,,1,1,1,1,,,,,,,
5/13/08,,1,,1,,,2,,,,,,,,,,1,,,1,,,,,,,,,,,,,,,,,,,,,,,,,,1,1,,,,,,,,,
5/13/08,1,,,1,,,3,,,,,,,,1,,,,,,,,1,,,,,,,,,,,,,,,,,,,,,,,1,1,,,,,,,,,
5/14/08,,1,1,,,,10,,,,,,,,,,1,,,1,,,1,,,,,,,,,,,,,,,,,,,,,,,1,1,,,1,,,,,,
5/14/08,,1,1,,,,5,,,,,,,,,,1,,,1,,,1,,1,,,,,,,,,,,,,,,,,,1,,,1,1,1,1,,,,,,,
5/14/08,1,,,1,,,15,,,,,,,,,,1,,,,,,1,,1,,1,,,,,,1,,,,,,,,,,1,,1,1,1,1,1,1,,,,,,
5/14/08,1,,,1,,,30,,,,,,,,,,1,1,,1,,1,1,,1,,1,,,,,,,,,,,,,1,,,1,,,1,1,1,,,,,,,,
5/14/08,1,,,,1,,10,,,,,,,,,,1,,,,,,1,,,,,,,,,,,,,,,,,,,,,,,1,1,1,,,,,,,,
5/14/08,1,,,,,1,45,,,,,,,,1,,,1,,,,,1,,1,,,,,1,,,,,,,,,,,,,,,,1,1,1,1,1,1,,,,,1
5/15/08,1,,1,,,,10,,,,,,1,,,,,,,,,,1,,,,,,,,,,,,,,,,,,,,,,,1,1,,,,,,,,,
5/15/08,1,,1,,,,20,,,,,,,,,,1,1,,,,1,1,,,,,,,,,1,,,,,,,,,,,,,,1,1,,,,,,,,,
5/15/08,1,,,1,,,5,,,,,,,,,,1,,,,,1,,,,,,,,,,,,,,,,,1,,,,,,,1,1,,,,,,,,,
5/16/08,1,,1,,,,10,,,,,,,1,,,,,,,,,,,,,,,,,,,,,,,,,,,,,,,1,1,1,,,,,,,,,
5/16/08,1,,1,,,,5,,,,,,,,,,1,,,,,,1,,,,,,,,,,,,,,,,,,,,,,,1,,,,,,,,,1,
5/16/08,1,,1,,,,15,,1,,,,,,,,,,,,,,1,,1,,,,,,,,,,,,,,,1,,,,,,1,1,,,,,,,,,
5/17/08,1,,,1,,,30,,,,,,1,,,,,1,,,,,1,,,,,,,,,,,,,,,,,,,,,,,1,1,1,1,1,,,,,,
5/19/08,,1,1,,,,15,,,,,,,,,,1,,,1,,1,1,,,,,,,,1,,,,,1,,,1,,,,1,,,1,1,1,,,1,,,,,
5/19/08,1,,,,,,,,,,,,,,,,,1,,,,,,,,,,,,,,,,,,,,,,,,,,,,,,,,,,,,,,
5/18/08,1,,,1,,,5,,,,,,,,,,1,1,,,,,,,,,,,,,,,,,,,,,,,,,,,,,1,,1,,,,,,,
5/19/08,1,,1,,,,10,,,,,,,,1,,,1,,,,,1,,,,,,,1,,,,,,,,,,,,,,,,,,,,,,,,,,
5/19/08,1,,,1,,,20,,1,,,,,,,,,,,,,,,,,,,,,,,,,,1,,,,,1,,,1,,,1,1,,,,,,,,,
5/19/08,1,,,1,,,3,,,,,,,,,,1,1,,,,,,,1,,,,,,,,,,,,,,,,,,,,,1,1,1,,,,,,,,
5/19/08,,1,,1,,,5,,,,,,,,1,,,,,1,,1,,,1,,,,,,,,,,,,,,,,,,,,1,,1,1,,,,1,,,,
5/19/08,,1,,,1,,30,1,,,,,,,,,,,,1,,1,1,,,,,,,1,1,1,,,,,,,1,1,,,1,,,1,1,1,1,1,,,,,,
5/19/08,1,,1,,,,15,,,,,,,,1,,,1,,,,,1,,,,,,,1,,,,,,,,,,,,,,,,1,1,1,1,1,1,,,,,
5/19/08,1,,1,,,,20,1,,,,,,,,,,,,1,,,1,,,,,,,,,,,,1,,,,,,,,1,,,1,1,1,1,,,,,,,
5/19/08,,1,1,,,,20,,,,,1,,,,,,,1,1,,,1,,,,,,,,,,,,,,,,,,,,,,,1,1,1,1,,,,,,,
5/19/08,,1,1,,,,10,1,,,,,,,,,,,,1,1,1,1,,,,,,,,,,,,,,,,1,,,,,,,1,1,1,1,,,,,,,
5/19/08,1,,1,,,,10,,,,,,,,1,,,1,,,,,1,,,,,,,,,,,,,,,,,,,,,,,1,1,1,,,,1,,,,
5/20/08,1,,1,,,,10,,,,,,,,1,,,,,,,,,1,1,,,,,,,,,,,,,,,,,,1,,1,1,1,1,,,,,,,,
5/20/08,1,,,1,,,17,,1,,,,,,,,,,,,,,1,,,,,,,,,,,,,,,,,,1,,,,,1,1,,1,,,,,,,
5/20/08,,1,,1,,,5,,,,,,,,,,1,,,1,,,,,,,,,,,,,,,,,,,,,,,,,,,,,,,,,,,,
5/20/08,1,,,1,,,5,,,,,,1,,,,,1,,,,,1,,,,,,,,,,,,,,,,,,,,,,,1,1,,,,,,,,,
5/21/08,1,,1,,,,10,,,,,,,,1,,,1,,,,,1,,1,,1,,,,,,,,,,,,,,,,,,,1,1,1,1,1,,,,1,,
5/21/08,1,,1,,,,10,,,,,,,,,,1,1,,1,,,,,,,,,,,,,,,,,,,,,,,,,,,1,,,,,,,,,
5/21/08,1,,1,,,,10,,,,,,,,,,1,,,,,,1,,,,,,,,,,,,,,,,,,,,,,,1,1,1,,,,,,,,
5/21/08,,1,,1,,,10,,,,,,,,,,1,,,1,,1,1,,,,,,,,,,,,,,,,1,,,,1,,,1,1,1,1,,,,,,,
5/21/08,,1,,1,,,5,,,,,,,,,,,,,,,1,,,,,,,,,,,,,,,,,,,,,,,,,1,,,,,,,,,
5/21/08,1,,,,1,,20,,,,,,,,1,,,,1,,,,1,,1,,,1,,,,,,1,,,,,,,,,,,,1,1,1,,,,,1,,1,
5/21/08,,1,,,1,,15,,,,,,,,,,1,,,,,,,,,,1,,,,,,,,,,,,,,,,,1,,1,1,1,,,,,,,,
5/22/08,,1,1,,,,5,,,,,,,,1,,,,,1,,,1,,,,,,,,,,,,,,,,1,,,,,,,1,1,,,,,1,,,,
5/22/08,1,,1,,,,8,,,,,,,,1,,,1,,1,,,1,,,,,,,1,,,,,,,,,,,,,,,,1,1,1,1,,1,,,,,
5/22/08,1,1,,,,,5,,,,,,,,,,1,1,,,,,1,,,,,,,,,,,,,,,,,,,,,,,,1,1,1,,,,,,,
5/22/08,,1,,1,,,7,,,,1,,,,,,,,,,,1,,,,,,,,,,,,,,,,,,,,,,,1,,1,1,,,,,,,,
5/22/08,,1,,1,,,3,,,,1,,,,,,,,,,,1,,,,,,,,,,,,,,,,,,,,,,,1,1,1,1,,,,,,,,
5/22/08,,1,,1,,,13,1,,,,,,,,,,,,1,1,1,,,,,,,,,,,,,,,,,1,,,,,,,1,1,1,1,1,,,,,,
5/22/08,,1,,1,,,10,1,,,,,,,,,,,,1,,,,,,,,,,,,,,,,,,,,,,,1,,,1,1,1,,,,,,,,
5/23/08,1,,1,,,,25,,,,,,,,,,1,1,,,,,,,,,,,,,,,,,,,,,,,,,,,,,,,,,,,,,,
5/23/08,,1,1,,,,3,,,,,,,,,,1,,,1,,,,,,,,,,,,,,,,,,,,,,,,,,,,,,,,,,,,
5/23/08,,1,1,,,,2,1,,,,,,,,,,,,1,,,,,,,,,,,,,,,,,,,,,,,,,,,,,,,,,,,,
5/23/08,1,,1,,,,6,1,,,,,,,,,,,,,,,,,,,,,,,,,,,,,,,,,,,,,1,1,1,,,,,,,,1,
5/22/08,1,,,,1,,100,,,,,,1,,,,,1,1,,1,,1,,1,,,,,1,1,,,,,,1,,,,,,1,,,1,1,1,1,,1,,,,1,
5/23/08,1,,1,,,,3,,,,,,,,,,1,1,,,,,,,,,,,,,,,,,,,,,,,,,,,,,1,,,,,,,,,
5/23/08,1,,,1,,,3,,,,,,,,,,1,1,,,,,,,,,,,,,,,,,,,,,,,,,,,1,,,,,,,,,,,
5/23/08,1,,,1,,,10,,,,,,,,1,,,1,,,,,1,,,,,1,,,,,,,,,,,,1,,,,,,1,1,,,,,,,,,
5/27/08,,1,1,,,,2,,,,,,,,,,1,,,1,,,,,,,,,,,,,,,,,,,,,,,,,,,1,,,,,,,,,
5/27/08,1,,1,,,,10,,,,,,,,,,1,1,1,,,,,,,,,,,,,,,,,,,,,,,,,,,,1,1,,,,,,,,
5/27/08,1,,,1,,,2,,,,,,,,,,1,,,1,,,,,,,,,,,,,,,,,,,,,,,,,,1,,,,,,,,,,
5/27/08,,1,,,,,,,,,,,,,,,1,,,,,,,,,,,,,,,,,,,1,,,,,,,,,,1,1,,,,,,,,,
5/27/08,,1,,,1,,10,,,,,,,,,,1,,,1,,,1,,,,,,,1,,,,,,,,,,,,,,,,1,1,,,,,1,,,,
5/27/08,,1,,,1,,5,,,,,,,,1,,,,,1,,,,,,,,,,,,,,,,,,,1,,,,,,,,1,,,,,,,,,
5/27/08,1,,,,1,,30,1,,,,,,,,,,,1,,,,1,,,,,,,1,,,,1,,,,,,,,,,,,1,1,,,1,,,1,,,
5/28/08,,1,1,,,,5,,,1,,,,,,,,,,1,,,1,,,,,,,,,,,,1,,,,,,,,,,,1,1,1,,,,,,,,
5/28/08,1,,1,,,,10,,,,,,,,,,1,1,,,,,1,,,,,,,1,,1,,1,,,,,,1,,,1,,,1,1,1,1,1,,,,,,
5/28/08,,1,,1,,,10,,,,,,,,,,1,,,1,1,1,,,,,,,,,,,,,,,,,,,,,,,1,1,1,1,,,,,,,,
5/28/08,1,,,,,,16,,,,,,,,,,,1,,,,,1,,,1,,,,1,,,,,,,,,,,,,,,,1,1,1,,,,,,,,
5/28/08,,1,,1,,,10,,,,,,,,,,1,,,,,,1,,1,,,,,,,,,,,,,,1,,,,1,,,1,1,,,,,,,,,
5/28/08,1,,,1,,,15,,,,,,,,1,,,1,,,,,1,,1,,1,,,,,,,,,,,,,,,,1,,,1,1,1,,,,,,1,,
5/28/08,1,,,1,,,20,,,,,,,,,,1,1,,,,,1,1,,,,,,,,,1,,,,,,,,,,,,,1,1,1,1,1,,,,,,
5/28/08,1,,,,1,,5,,,,,,,,,,1,,,,,,,,,,,,1,,,,,,,,1,,,1,,,,,,1,1,1,,,,,,,,
5/29/08,1,,1,,,,23,,,,1,,,,,,,,1,1,,,1,,1,,,,,1,,,,,,,,,,,,,1,,,1,1,1,1,,1,,,,,1
5/29/08,,1,1,,,,10,,,,1,,,,,,,1,,,,,1,,,,,,,,,,1,,,,,,,,,,,,,1,1,1,1,1,,,,,,
5/29/08,1,,1,,,,12,,1,,,,,,,,,,,,1,,1,,,,,,,,,,,,,,,,,,,,,,1,1,1,,,,,,,,,
5/29/08,1,,,1,,,15,,1,,,,,,,,,,,,,,1,,1,,,,,,,,1,,,,,,,,,,1,,,1,1,1,1,,,,,,,
5/29/08,,1,,1,,,15,,,,,,,,1,,,,,1,,,1,,,,,,,,,,,,,,,,1,,,,1,,,1,1,1,1,1,,1,,,,
5/29/08,1,,,1,,,15,,,,,,,,,,1,1,,,,1,1,,,,,,,,,,,,,,,,,,,,,,,1,1,1,,,,,,,,
5/29/08,,1,,,1,,20,,,,,,,,1,,,,,1,,,1,,1,,,,,,,,,,,,,,,,,,,,,1,1,1,1,,,,,,,
5/30/08,,1,1,,,,2,,,,,,,,,,1,,,1,,,,,,,,,,,,,,,,,,,,,,,,,,1,1,,,,,,,,,
5/30/08,0,1,0,1,0,0,28,0,1,0,0,0,0,0,0,0,0,1,1,1,0,0,1,0,0,0,0,0,0,0,1,0,0,0,0,1,0,0,0,0,0,0,0,0,0,1,1,1,0,1,0,1,0,0,0,0
6/2/14,,1,1,,,,15,,,,,,,,,,1,,,1,,,1,,,,,,,,,,,,1,,,,,,,,,,,1,1,1,,,,,,,1,
6/2/14,1,,1,,,,20,,,,,,,,1,,,,,,,,1,,,,,,,,,,,,,,,,,,,,,,,1,1,1,,,,,,,,
6/2/14,,1,1,,,,10,,,,,,,,,,1,,,1,,,1,,,,,,,,,,,,,,,,,,,,1,,,1,1,1,1,,,,,,,
6/2/14,,1,1,,,,20,,,,,,,,1,,,,,1,,,1,,1,,,,,,,,,,1,,,,,,,,,,1,1,1,1,,,,1,,,1,
6/2/14,,1,,,1,,5,,,,,,,,,,1,,,1,1,,,,,,,,,,,,,,,,,,,,,,,,,,1,,,,,,,,,
6/2/14,1,,1,,,,10,,,,,,,,,,1,,1,,,,1,,,,,,,,,1,,,,,,,,,,,,,,,1,,,,,,,,,
6/2/14,1,,1,,,,20,,1,,,,,,,,,,,,,,1,,,,,,,,,,,,,,,,,,,,,,,,,,,,,,,,,
6/3/14,1,,1,,,,35,1,,,,,,,,,,1,,,,,1,,,,,,,1,,,,,,,,,,1,1,,,,,1,1,1,1,,,,,,,
6/3/14,,1,,,1,,30,,,,,,,,1,,,,,,,,1,,1,,,,,,,,,,,,,,,,,,,,,1,1,,,,,,,,,
6/3/14,,1,,,1,,10,,,,1,,,,,,,,,1,1,1,,,,,,,,,,,,,,,,,1,,,,,,,,1,1,,,,,,,,
6/4/14,1,,,1,,,10,,,,,,,,,,1,1,,,,,1,,,,,1,,1,,,,,,,,,,,,,,,,1,1,,,,1,,,,,
6/4/14,,1,,1,,,5,,,,,,,,1,,,,,1,,,,,,,,,,,,,,,,,,,1,,,,,,,1,1,,,,,,,,,
6/4/14,1,,,1,,,45,,,,,,,,,,1,1,,,,,1,,,,,1,,1,,,,,,,,,,,,,,,,1,,1,,,1,,,,,1
6/5/14,,1,1,,,,10,,,,,,,,,,1,,,1,,1,,,,,,,,,,,,,,,,,,,,,,,,1,1,,,,,,,,,
6/5/14,,1,1,,,,,,,,,,,,,,1,,,,,1,,,,,,,,,,,,,,,,,,,,,,,,1,1,,,,,,,,,
6/5/14,,1,,1,,,5,,,,,,,,,,1,,,,,,,,,,,,,,,,,,,,,,,,,,,,1,,,,,,,,,,,
6/5/14,,1,,,1,,15,,,,1,,,,,,,,,,,,1,,,,,,,,,,,,1,,,,1,,,,,,,1,1,,,,,,,,,
6/6/14,,1,1,,,,5,,,,,,,,,,1,,,,,,1,,,,,,,,,,,,,,,,,,,,,,,,1,,,,,,,,,
6/6/14,,1,,1,,,5,,,,,,,,,,1,,,1,,,,,,,,,,,,,,,,,,,,,,,,,1,,1,,,,,,,,1,
6/7/14,,1,,,,1,16,,,,,,,,,,1,1,1,,,,1,,,,,,,1,,,,,,,,,,,,,,,,1,1,,,,1,,,,,
6/9/14,,1,1,,,,8,,,,,,,,1,,,,,1,1,1,,,,,,,,,,,,,,,,,,,1,,,,,,1,1,,,,,,,,
6/9/14,1,,,1,,,10,,,,,,,1,,,,1,,,,,1,,,,,,,,,1,,,1,,,,,1,,,,,,1,1,,,,,,,,1,
6/9/14,1,,,1,,,15,,,,1,,,,,,,,,,,,1,,1,,,,,,,,,,,,,,,,,,,,1,1,1,1,,,,,,,,
6/9/14,1,,,1,,,10,,,,,,,1,,,,1,,,,,1,,,,,,1,,,1,,,1,,,,,1,,,1,,,,1,1,,,,,,,,
6/9/14,1,,,1,,,20,,,,,,,,,,1,,,,,1,1,1,,,,,,,,,,,,,,,,1,,,,,1,1,1,1,,1,,1,,,,
6/10/14,,1,1,,,,4,1,,,,,,,,,,,,,,,,,1,,,,,,,,,,,,,,,,,,,,,,1,,,,,,,,,
6/10/14,,1,,,1,,,,,,,,,,,,1,,,1,,1,1,,,,,,,,,,,,,,,,,,,,,,,,,,,,,,,,,
6/10/14,,1,,1,,,95,1,1,,,,,,,,,,,,,1,1,,1,,1,1,,,,,,,,,,,,,,,,,,1,1,1,,1,,,,1,,
6/10/14,,1,,,1,,10,,,,,,,,,,1,,,1,,,,,,,,,,,,,,,,,,,,,,,,,,,,,,,,1,,,,
6/11/14,,1,,1,,,20,,,,,,,,,,1,,,1,,,1,,,,,,,,,1,,,1,,,,,,,,,,,1,1,,,,,,,,,
6/11/14,,1,,1,,,15,,,,,,,,,,1,,,1,,,,,,,,,,,,,,,,,,,,,,,,,1,1,1,1,,,,,,,,
6/12/14,,1,1,,,,7,,,,,,1,,,,,,,1,,,1,,,,,,,,,,,,,,,,1,,,,1,,,1,1,1,1,1,,,,,,
6/12/14,1,,,1,,,17,,,,,,,,1,,,,1,,,,1,,,,,,,,1,,,,,1,,,,,,,1,,,1,1,1,,,,,,,,
6/12/14,,1,,1,,,15,,,,,,,,,,1,,,,,,,,,,,,,,,,,,,,,,,,,,,,,,,,,,,,,,,
6/12/14,,1,,1,,,2,,,,,,,,,,1,,,,,,1,,,,,,,,1,,,,,,,,,,1,,,,,,,1,,,,,,,,
6/12/14,1,,,1,,,12,,,,,,,,,,1,,,,,,,,,,,,,,,,,,,,,,,,,,,,1,,,,,,,,,,,
6/12/14,,1,,,,1,4,,,,,,,,,,1,,,,,,1,,,,,,,,,,,,1,,1,,,,,,,,,1,1,1,,1,,,,,,
6/12/14,1,,,,,1,5,,,,,,,,,,1,,,1,1,1,,,,,,,,,,,,,,,,,,,,,,,,,1,1,,1,,1,,,,
6/14/14,1,,,1,,,2,,,,,,,,,,1,1,,,,,,,,,,,,,,,,,,,,,,,,,,,,,,,,,,,,,,
6/15/14,1,,,1,,,45,,1,,,,,,,,,,,,,,,,,,,,,,,,,,,,,,,,,,,,,,,,,,,,,,,
6/15/14,1,,,,,1,15,,,,,,1,,,,,1,1,,,1,1,,,,,,,1,1,,,,,,,,,,,,,,,1,1,1,1,1,1,1,,,,
6/16/14,,1,1,,,,5,,,,,,,,,,1,1,1,,1,,1,,,,,,,,,,,,,,,,,,1,,,,,1,1,,,1,,1,,,,
6/16/14,1,,1,,,,35,,,,,,,,1,,,,,1,,,1,,,,,,,,,,,,,,,,,,,,,,,1,1,,,,,,,,,
6/16/14,,1,,1,,,2,,,,,,,,,,1,,,,,,1,,,,,,,,,,,,1,,,,,,1,,,,,1,1,1,,,,,,,,
6/16/14,1,,,1,,,11,,,,,,,1,,,,,,,,,,,,,,,,,,,,,,,,,,,,,,,1,,,,,,,,,,,
6/16/14,1,,,,1,,13,,,,,,,,,,1,,,,,,1,1,,,,,,,,,,1,,,,,,,,,,,1,1,1,1,,,,,,,,
6/16/14,,1,,,1,,5,,,,1,,,,,,,,1,,,,1,,1,,,,,,,,,,,1,1,,,,,,1,,,1,1,,,,,,,,,
6/16/14,1,,,,,,,,,,,,,,,,,,,,,,,,,,,,,,,,,,,,,,,,,,,,1,1,1,1,,,,,,,,
6/16/14,,1,,,,,10,,,1,,,,,,,,,,,1,,,,1,,,,,,,,,,,,,,,1,,,,,,,,,,,,,,,,
6/17/14,,1,1,,,,20,1,,,,,,,,,,,,1,,,1,,,,,1,,,,,,,,,,,,,,,,,,,,,,,,,,,,
6/17/14,1,,,1,,,10,,,,,,,,,,1,1,,1,,,1,,,,,,,,,,,,1,1,,,,1,,,1,,,1,1,1,1,,,,,,,
6/18/14,,1,,,,,,,,,,,,,1,,,1,,,,,,,,,,,,,,,,,,,,,,,,,,,,1,,,,,,,,,,
6/18/14,,1,1,,,,15,,,,,,,,,,1,,,1,,,,,,,,,,,,,,,,,,,,,,,,,,,,,,,,,,,,
6/18/14,,1,1,,,,5,,,,,,,,,,1,,,1,,1,1,,,,,,,,,,,,,,,,,,,,,,,1,1,1,,,,1,,,,
6/18/14,,1,,,1,,15,,,,,,,,,,1,,,,,1,,,,,,,,,,,,,,,,,1,,,,,,,,1,1,,,,,,,,
6/18/14,,1,,,1,,5,1,,,,,,,,,,,,1,1,1,1,,,,,,,,,,,,,,,,,,,,,,,1,,1,,,,,,,,
6/18/14,,1,,,1,,7,,,,,,,,,,,,,1,,1,,,,,,,,,,,,,,,,,,,,,,,,,1,,,,,,,,,
6/18/14,,1,,,1,,15,1,,,,,,,,,,,,1,1,1,,,,,,,,,,,,,,,,,,,,,,,,1,1,,,,,,,,,
6/19/14,,1,,1,,,15,,,,,,,,,,1,,,1,,,,,,,,,,,,,,,,,,,1,1,,,,,,1,1,1,1,,,,,,,
6/19/14,1,,,1,,,23,,,,1,,,,,,,,,1,,1,1,,,,,,,,,,,,,,,,,,,,,,,1,1,,,,,,,,,
6/19/14,1,,,,,1,15,,,,,,1,,,,,1,1,,,,1,,,,,,,,,,,,,,,,,,,,,,,1,1,1,1,1,,1,,,,
6/20/14,1,,,1,,,10,,,,,1,,,,,,1,,,,,1,,,,,,,,,,,,,,,,,,,,1,,,1,1,1,1,,,,,,,
6/20/14,,1,1,,,,20,,,,,,,,1,,,,,,,,1,,,,,,,,,,,1,,,,,,,,,,,,,,,,,,,,,,
6/22/14,1,,,1,,,10,,,,,,,,,,1,,,1,,,,,1,,1,,,,,,,,,,,,,,1,,,,,,1,,,,,,,,,
6/22/14,,1,,,1,,5,,,,,,,,,,1,,1,1,,,1,,,,,,,,,,,,1,,,,,,,,1,,,1,1,1,1,1,,,,,,
6/22/14,1,,,,,1,5,,,,,,,,,,1,,,1,,,,,,,,,,,,,,,,,,,,,,,,,,,1,1,1,,,,,,,
6/23/14,,1,1,,,,20,,,,,,,,,,1,,,,,,,,,,,,,,,,,,,,,,,,,,,,,,1,1,1,,,,,,,
6/23/14,,1,1,,,,25,,,,,,,1,,,,,,,,,,,,,,,,,,,,,,,,,,,,,,,,,,,,,,,,,,
6/23/14,1,,,1,,,10,,,,,,1,,,,,,,1,,1,1,,,,,1,,1,,1,1,,,,,,,,,,,,,1,1,1,,,,1,,,,
6/23/14,,1,,1,,,27,,,,1,,,,,,,,,,,,1,,,1,,1,1,,,1,,,,,,,,,,,,,,1,1,1,,1,1,,,,,
6/23/14,1,,,1,,,15,,,,,,,,,,1,,,,,,,,,,,,,,,,,,,,,,,,,,,,1,,1,1,,,,,,,,
6/23/14,,1,,1,,,2,,,,,,,,,,1,,,1,,,,,,,,,,,,,,,,,,,,,,,,,1,,1,1,,1,,,,,,
6/23/14,,1,,1,,,20,,,,,,,,,,1,,1,,,,1,,,,,,,1,,,,,,,,,,,,,,,,1,1,1,,1,1,,,,,
6/23/14,,1,,1,,,10,,,,1,,,,,,,,,,,,,,,,,,,,,,,,,,,,,,,,,,1,,,,,,,,,,,
6/23/14,,1,,1,,,10,,,,,,,,,,1,,,1,1,1,,,,,,,,,,,,,,,,,,,,,,,,1,1,1,,1,,1,,,,
6/23/14,,1,,,1,,15,,,,,,,,,,1,,,1,,,1,,,,,,,,,,,,,,,,1,,,,1,,,1,1,1,1,1,,1,,,,
6/24/14,,1,,1,,,5,,,,,,,,1,,,,,,,,,,,,,,,,,,,,,,,,,,,,,,1,,,,,,,,,,,
6/24/14,1,,,1,,,5,,,,,,,,,,1,,,1,,,1,,,,,,,,,,,,,1,,,,,,,,,,1,1,,,,,,,,,
6/24/14,,1,,,1,,16,,,,,,,,1,,,,,,,1,,,,,,,,,,,,,,,,,,,,,,,,1,1,,,,,,,,,
6/25/14,1,,1,,,,5,1,,,,,,,,,,,,1,,,,,,,,,,,,,,,,,,,,,,,,,,1,,,,,,,,,,
6/25/14,,1,,1,,,15,,,,,,,,,,1,,,1,,,1,,,,,,,,,,,,1,,1,,,,,,1,,,1,1,,,,,1,,,,
6/25/14,,1,,1,,,5,,,,,,,,,,1,1,,,,,1,,1,,,,,,,,,,,,,,,,,,,,,,1,,,,,,,,,
6/25/14,,1,,,,1,40,,,,,,,,,,1,,,,1,,1,,,,,,,,,,,,,,,,,,,,,,,,,,,,,,,,,
6/26/14,1,,1,,,,20,,,,,,,,,,1,,,,,,1,,,,,,,,,,,,,,,,,,,,,,,1,1,1,1,,,,,,,
6/26/14,,1,,,1,,5,1,,,,,,,,,,,,1,,,,,,,,,,,,,,,,,,,,,,,,,,1,1,1,1,1,,1,,,,
6/26/14,1,,,1,,,120,,,,,,,,1,,,1,,1,,,1,,,,,,,,,,,,,,,,,,,,,,,1,1,1,,,,,,,,
6/27/14,1,,1,,,,5,,,,,,,,,,1,,,1,,,,,,,,,,,,,,,,,,,1,,,,,,,1,,1,,,,,,,,
6/27/14,1,,,1,,,10,,,,,,,,,,1,1,1,,,,1,,1,,1,1,,1,1,1,,,,1,1,1,,,,,,,,1,1,1,1,1,1,,1,1,1,1
6/30/14,1,,1,,,,15,,,,,,1,,,,,,1,,,,,,,,,,,,,,,,,,,,,,,,,,,,,,,,,,,,,
6/30/14,,1,1,,,,10,,,,,,,,1,,,1,,,,,1,,,,,,,,,,,,,,,,,,,,,,,1,1,1,,,,,,,,
6/30/14,,1,,1,,,5,,,,,,,,,,,1,1,,,,1,,,,,,,,,,,,,,,,,,,,,,,1,,1,,,,,,,,
6/30/14,,1,,1,,,10,,,,,,1,,,,,,,1,,1,,,,,,,,,,,,,,,,,,,,,,,,1,1,1,,,,,,,1,
6/30/14,,1,,1,,,10,1,,,,,,,,,,,,,,1,,,,,,,,,,,,,,,,,,,,,,,1,,1,1,,,,,,,,
6/30/14,,1,,,1,,5,,,,,,,,,,1,,,1,,,,,,,,,,,,,,,,,,,,,,,,,,,1,1,,,,1,,,,
6/30/14,0,1,0,0,1,0,13,0,0,0,0,0,0,0,0,0,1,0,0,1,0,0,1,0,1,0,0,0,0,0,0,0,0,0,0,0,0,0,0,0,0,0,0,0,0,0,1,1,0,0,0,0,0,0,0,0
7/1/08,1,,1,,,,30,,,,,,,,,,1,1,1,1,,,,,,,,,,,,,,,,,,,,,1,,,,1,,1,1,1,1,,,,,,0
7/1/08,1,,,,,,15,,1,,,,,,,,,,1,1,,,,,,,,,,1,,,,,,,,,,,,,,,,,1,1,1,1,1,1,,,,0
7/1/08,1,,,1,,,10,,,,,,,,,,1,1,,,,,1,,1,,,,,,,,,,,1,,,,,1,,1,,,1,1,1,1,,,,,,,0
7/2/08,1,,1,,,,20,,,,,,,,1,,,,,,,,1,,,,,1,,1,,,,1,,,,,,,1,,1,,,1,1,,,,,,1,,,0
7/2/08,,1,1,,,,5,,,,1,,,,,,,,,1,1,1,1,,,,,,,,,,,,,,,,,,,,,,,1,1,,,,,,,,,0
7/2/08,,1,1,,,,10,,1,,,,,,,,,,,1,,1,1,,,,,,,,,,,,,,,,1,,,,,,,1,1,,1,,,,,,,0
7/2/08,,1,,1,,,20,,,,,,,,1,,,,,1,,,1,,1,,1,,1,,,,,,,,,,,,,,,,,1,1,1,1,1,,,,1,,0
7/2/08,,1,,1,,,10,,,,,,,,1,,,,1,1,,,1,,,,,,,,,,,,,,,,,,,,,,,1,1,1,,,,,,,,0
7/2/08,,1,,,1,,10,,,,,,,,,,1,,,,,,,,,,,,,,,,,,,,,,,,,,,,1,1,1,1,,,,,,,,0
7/3/08,,1,1,,,,25,,,,,,,,1,,,1,,1,,,1,,1,,1,1,,1,,,,,1,,,,,,,,,,,1,1,1,,,,,,,,0
7/3/08,,1,1,,,,5,,,,,,,,,,1,,,,,1,,,,,,,,,,,,,,,,,,,,,,,,,,,,,,,,,,0
7/3/08,1,,1,,,,20,,,,,,,,1,,,1,,,,,1,,,,,1,,1,,1,,,,,,,,,,,,,,1,1,1,1,1,1,,,,,1
7/3/08,,1,1,,,,20,,,,,,,,1,,,,,1,,1,,,,,,,,,,,,,,,,,,,,,,,,1,,1,,1,,1,,,,0
7/3/08,,1,,1,,,8,,,,,,,,1,,,,,1,,,,1,,,,,,,,,,,,,,,,,,,,,,1,1,1,,,,,,,,0
7/7/08,,1,1,,,,5,,,,,,,,,,1,,,1,,,,,1,,,,,,,1,,,1,,,,1,,,,,,,1,1,1,,,,,,,,0
7/7/08,1,,1,,,,10,,,,,,1,,,,,1,,,,,1,,1,,,,,,,,,,,,,,,,,,,,,1,1,1,1,,,,,,,0
7/7/08,1,,1,,,,70,,,,,,1,,,,,,1,,,,1,,,,,,,,,,,,,,,,,,,,,,,1,1,1,,,,,,,1,0
7/7/08,,1,,1,,,5,,,,,,,,,,1,,,1,1,1,,,,,,,,,,,,,,,,,,,,,,,,,1,1,,1,,,,,,0
7/7/08,,1,,1,,,10,,,,,,,,,,1,,,1,1,,1,,,,,,,,,,,,,,,,,,,,,,,1,1,1,,,,,,,1,0
7/7/08,,1,,,1,,10,,,,1,,,,,,,,,,,,,,1,,,,,,,,,,,,,,,,,,,,,1,1,,,,,,,,,0
7/7/08,,1,,,1,,,1,,,,,,,,,,,,1,,,,,,,,,,,,,,,,,,,,,,,,,1,1,1,,1,,,,,,,0
7/7/08,1,,,,1,,10,,,,,,,,,,1,,,,,1,,,,,,,,,,,,,,,,,,,,,,,,1,1,,1,,,,,,,0
7/8/08,,1,1,,,,10,,,,,,,,,,1,,,1,,,,,,,,,,,,,,,,,,,,,,,,,1,,1,,1,,,,,,,0
7/8/08,1,,1,,,,5,,,,1,,,,,,,1,,,,,1,,,,,,,,,,,,,,,,,,,,,,,1,1,1,,1,,,,,,0
7/8/08,1,,,1,,,10,,,,,,,,,,1,1,,,,,1,,,,,,,,,,,,,,,,,,,,,,,,,,,,,,,,,0
7/8/08,,1,,,1,,5,,,,,,,,,,1,,,,,,1,,,,,,,,,,,,,,,,,,,,,,,,,,,,,,,,,0
7/8/08,,1,,,1,,5,,,,,,,,1,,,,,1,,,1,,,,,,,,,,,,,,,,,,,,,,,,,,,,,,,,,0
7/8/08,,1,,,1,,30,,,,1,,,,,,,,,,,,1,,,,,,,,,,,,,,,,,,,,,,,1,1,,,,,,,,,0
7/9/08,,1,1,,,,15,,,,,,,,,,1,,,1,1,,,,,,,,,,,,,,,,,,,,,,,,,1,1,1,,,,1,,,,0
7/9/08,,1,1,,,,,,,,,,,,,,1,,,1,,,,,,,,,,,,,,,,,,,,,,,,,,1,1,1,,,,,,,,0
7/9/08,,1,,1,,,,,,,,,,,,,1,,1,1,,,,,,,,,,,,,,,,,,,,,,,,,,1,1,,,,,,,,,0
7/9/08,1,,,1,,,10,1,,,1,,,,,,,,,,,,,,,,,,,,,,,,,,,,,,,,,,1,1,1,,,,,,,,,0
7/9/08,1,,1,,,,60,1,,,,,,,,,,1,,,,,1,,1,1,1,,,,,,,,,,1,,,,,,,,,1,1,1,1,1,,1,,,,0
7/9/08,1,,,,,1,40,,,,,,,,,,1,,,,,,1,,1,,1,,,,,,1,,,,,,,,,,,,,,1,1,,,,,,,,0
7/10/08,1,,,1,,,15,,,,,,,,,,1,1,,,,,1,,,,,,,1,,,,,,1,,,,,,,,,,,1,1,,,,,,,,0
7/10/08,,1,,,1,,5,,,,1,,,,,,,,,,,,,,,,,,,,,,,,1,,,,,,,,,,,,1,,,,,,,,,0
7/10/08,,1,,,1,,10,,,,1,,,,,,,,,,,,,,,,,,,,,,,,,,,,,,,,,,1,,1,,,,,,,,,0
7/10/08,,1,,,1,,5,1,,,,,,,,,,,,1,,,,,,,,,,,,,,,,,,,,,,,,,1,,1,1,1,,,,,,,0
7/11/08,1,,1,,,,10,,,,,,,,,,1,1,,,,,,,,,,,,,,,,,,,,,,,,,,,,,1,,,,,,,,,0
7/11/08,1,,1,,,,5,,,,,,,,,,1,,,,,,,,,,,,,,,,,,,,,,,,,,,,1,1,,,,,,,,,,0
7/11/08,1,,1,,,,2,,,,,,,,1,,,1,,,,,,,,,,,,,,,,,,,,,,,,,,,,,1,,,,,,,,,0
7/11/08,1,,1,,,,30,,,,,,,,1,,,,,,,,1,,1,,,1,,1,,,,,,,,,,,1,,,,,1,1,1,,,,,,,,0
7/11/08,,1,,1,,,10,,,,,,,,,,1,,,1,,,,,,,,,,,,,,,,,,,,,,,,,,,1,1,,,,,,,,0
7/11/08,,1,,1,,,5,,,,,,,,,,1,,,1,,,,,,,,,,,,,,,,,,,,,,,,,,,1,,,,,,,,,0
7/11/08,,1,,1,,,15,,,,,,,,,,1,,,,1,1,,,,,,,,,,,,,,,,,,,,,,,,,1,1,,,,,,,,0
7/11/08,,1,,1,,,10,,,,,,,,,,1,,,,,,1,,,,,,,,,,,,,,,,,,,,,,,1,1,,,,,,,,,0
7/11/08,,1,,1,,,30,,,,,,,,,,1,,,1,,1,1,,,,,,,,1,,,,,,,,,1,,,,,1,1,1,1,,,,,,,1,0
7/12/08,1,,,,1,,60,,,,,1,,,,,,1,,1,,,1,,,,,,,,,,,,,,,,,,,,,,,1,1,1,1,1,,,,,,0
7/12/08,1,,,1,,,5,,,,,,,,1,,,,1,,,,1,,,,,,,1,,,,,,,,,,,,,,,,,1,,,,,,,,,0
7/12/08,1,,,,1,,60,,,,,,,,1,,,,,1,,,1,,1,,1,,,,,,,,,1,,,,,,,,,,,1,,,1,,,,1,,0
7/14/08,,1,1,,,,7,1,,,,,,,,,,,,1,,,,,,,,,,,,,,,,,,,,,,,,,,1,1,1,1,1,,1,,,,0
7/14/08,,1,,1,,,10,,,,,,,,1,,,,,1,,1,1,,,,,,,,,,,,,,,,,,,,,,,,1,1,,,,1,,,,0
7/14/08,1,,,1,,,20,,,,,,,,,,1,1,,,,,1,,,,,,,,,,,,,,,,,,,,,,,1,1,1,,,,,,,,0
7/14/08,1,,,1,,,10,,,,,,,1,,,,,,,,,1,,,,,,,,,1,,,,,,,,,,,,,,1,1,1,,,,,,,,0
7/14/08,1,,,1,,,2,,1,,,,,,,,,,,,,,,,,,,,,,,,,,,,,,,,,,,,1,,1,,,,,,,,,0
7/14/08,,1,,1,,,5,,,,,,,,,,1,,,,,,,,,,,,,,,,,,,,,,,,,,,,1,,1,,,,,,,,,0
7/14/08,,1,,1,,,2,,,,,,,,,,1,,,,,,,,,,,,,,,,,,,,,,,,,,,,1,,1,,,,,,,,,0
7/14/08,1,,,1,,,35,,,,,,,,,,1,1,,,,,1,,,,,,,,,,,,,,,,,1,,,1,,,1,1,1,1,1,,,,,,0
7/14/08,,1,,,1,,55,,,,,,,,,,1,,,,,,,,,,,,,,,,,,1,,1,1,,,,,,,1,1,1,1,,1,,,,,,0
7/14/08,1,,,,1,,,,,,,,,,,,1,,,,,,,,,,,,,,,,,,,,,1,,,,,,,,1,1,,,,,,,,,0
7/15/08,1,,1,,,,10,,,,,,,1,,,,1,1,1,,,1,,1,,,,,,,,,,,,,,,,,,,,,,1,1,,1,,1,,,,0
7/15/08,,1,,1,,,3,,,,,,,,1,,,,,1,,,,,,,,,,,,,,,,,,,,,,,,,,,1,,,,,,,,,0
7/15/08,1,,,1,,,15,,,,,,,,,,1,,1,,,,1,,1,,,,,,,,,,,,,,,,,,,,,1,1,,,,,,,,,0
7/16/08,,1,1,,,,10,,,,,,,,,,1,,,1,,,1,,,,,,,,,,,,,,,,,,,,,,,1,,1,,,,1,,,,0
7/16/08,1,,1,,,,5,1,,,,,,,,,,1,,,,,1,,,,,,,,,,,,1,,,,,,,,,,,1,1,1,1,,,1,,,,0
7/16/08,,1,,1,,,10,,,,,,,,,,1,,,1,,1,1,,,,,,,,,,,,,,,,,1,,,1,,,1,1,,1,,,,,,,0
7/17/08,1,,1,,,,15,,,,,1,,,,,,1,,,,,1,,,,,,,,,,,,,,,1,,,,,,,,1,1,1,,,,,,,,0
7/17/08,,1,1,,,,10,,,,,,,,,,1,,,1,,,1,1,,,,,,,,,,,,,,,,,,,,,,1,1,1,1,,,,,,,0
7/17/08,,1,1,,,,15,,,,,,,,,,1,,,,1,,,,,,,,,,,,,,,,,,,,,,,,1,1,1,1,1,,,,,,,0
7/17/08,,1,,1,,,2,,,,,,,,,,1,,,1,,1,,,,,,,,,,,,,,,,,,,,,,,,1,1,1,,,,,,,,0
7/17/08,1,,,1,,,15,,,,,,,,,,1,1,,1,,,1,,,,,,,,,,,,,,,,,,,,,,,1,1,1,,,,,,,,0
7/17/08,1,,,1,,,43,,1,,,,,,,,,,,1,,,,,,,,,,,,,,,,,,,,,,,,,,1,1,1,1,1,,,,,,0
7/17/08,,1,,1,,,25,,,,1,,,,,,,,,1,,,,,,,,,,,,,,,,,,,,,,,,,,1,1,1,,1,,,,,,0
7/17/08,,1,,,1,,5,,,,,,,,,,1,,,1,,1,,,,,,,,,,,,,,,,,1,,,,,,,,1,1,,1,,1,,,,0
7/17/08,,1,,,1,,7,,,,,,1,,,,,,,,,,1,,1,,1,,,,,,,,,,,,,,,,,,,1,1,1,,1,,,,,,0
7/18/08,1,,1,,,,3,,,,,,,,,,1,,,1,,,,,,,,,,,,,,,,,,,,,,,,,,1,1,,,,,,,1,,0
7/18/08,1,,1,,,,50,,,,,,,,,,1,,,,,,1,,1,,,1,,1,,,,1,,,,,,,,,,,,1,1,1,,,,,,,,0
7/18/08,1,,1,,,,10,,,,,,,1,,,,,,,,,1,,,,,,,,,,,,,,,,,,,,,,,1,1,,,,,,,,,0
7/18/08,,1,1,,,,5,,,,,,,,,,1,,,1,,,,,,,,,,,,,,,,,,,,,,,,,,,1,1,1,,,,,,,0
7/19/08,1,,,1,,,20,,,,,,,,,,1,1,,,,,1,,,,,,1,,,,,,,,,,,,,,,,,1,1,1,1,,,,,,,0
7/21/08,1,,1,,,,20,1,,,,,,,,,,1,,,,,1,,,,,1,,,,,,,,,,,,1,,,,,,1,1,1,,,,,,,,0
7/21/08,,1,,1,,,6,1,,,1,,,,,,,,,1,,1,,,,,,,,,,,,,,,,,1,,,,,,,,1,1,,1,,,,,,0
7/21/08,1,,,1,,,10,1,,,,,,,,,,,,,,1,,,,,,,,,,,,,,,,,1,,,,,,,,1,1,,,1,,,,,0
7/21/08,1,,,,1,,30,1,,,,,,,,,,1,,,,,1,,,,,1,,1,,,,,,,,,,,,,,,,1,1,1,,,,,,,,1
7/21/08,,1,,1,,,20,,,,1,,,,,,,,,1,,1,1,,,,,,,,,1,,,,,,,1,,,,1,,,1,1,1,1,,,1,,,,0
7/22/08,1,,,1,,,15,,,,,,,,,,1,1,,,,,1,,,,,,,,,,,,,,,,,,,,,,,1,1,1,,,,,,,,0
7/22/08,,1,,,1,,5,,,,,,,,,,1,,,1,,,1,,,,,,,,,,1,,,,,,,,,,1,,,1,1,,,,,,,,,0
7/22/08,1,,,,1,,15,,,,,,,,,,1,,,,,,1,,,,,,,,,,,,,,,,,,,,,,,,1,1,,,,,,,,0
7/23/08,,1,1,,,,15,,,,,,1,,,,,,,1,,1,,,,,,,,,1,,,,,,,,1,,1,,,,,1,1,,,,,,,,,0
7/23/08,,1,1,,,,10,,,,,,,,,,1,,,1,1,,,,,,,,,,,,,,,,,,,,,,,,,1,1,,,,,1,,,,0
7/23/08,1,,1,,,,10,,,,,,,,,,1,1,1,,,1,1,,,,,,,,,,,,,,,,,,,,,,,,1,,,,,,,,,0
7/23/08,,1,,1,,,10,,,,,,,,,,1,,,1,,,,,,,,,,,,,,,,,,,,,,,,,,1,1,1,,,,,,,,0
7/23/08,1,,,1,,,5,,,,,,,,1,,,,,,,,1,,,,,,,,,,,,,,,,,,,,,,,1,1,1,,,,,,,,0
7/23/08,1,,,,1,,5,,,,,,,,,,1,1,,,,,1,,,,,,,,,,,,,,,,,,,,,,,,1,,,,,,,,,0
7/24/08,1,,1,,,,75,,,,,,,1,,,,,,,,,1,,,,,,,,,1,,,,,,,,,,,1,,,1,1,1,1,1,,,,,,0
7/24/08,1,,1,,,,10,,,,,,,,,,1,,,1,,,1,,,,1,,,,,1,,,1,,,,,,,,,,,,1,1,1,,,1,,,,0
7/24/08,,1,1,,,,10,,,,,,,,,,1,,,1,,,,,,,,,,,,,,,,,,,,,,,,,,1,1,,1,,,1,,,,0
7/24/08,,1,,1,,,13,1,,,,1,,,,,,,,1,,1,,,1,,,,,,,,,,,,,,,,,,,,,1,1,1,,1,,1,,,,0
7/24/08,,1,,,1,,5,,,,,,,,,,1,,,1,,1,1,,,,,,,,,,,,,,,,,,,,,,,1,1,1,1,,,1,,,,0
7/24/08,1,,,1,,,17,,,,,1,,,,,,,,,,,,,,,,,1,,,,,,,,,,,,,,,,,1,1,1,,1,1,,,,,1
7/24/08,1,,,,1,,45,,,,1,,,,,,,,,,,,1,1,1,,,,,,,,,,,,,,,,,,1,,,1,1,1,1,,,,,,,0
7/25/08,,1,1,,,,2,,,,,,1,,,,,,,1,,,,,,,,,,,,,,,,,,,,,,,,,,,,,,,,,,,,0
7/25/08,,1,1,,,,15,,,,,,,,1,,,,,1,,,1,,,,,,,,,,,,,,,,,,,,,,,1,1,,,,,,,,,0
7/28/08,1,,,1,,,20,,,,,,,,,,1,,,,,,,,,,,1,1,,,1,,,,,,1,,,,,,,,1,1,1,1,,1,,,,,0
7/25/08,1,,,1,,,60,,,,,,,,,,1,1,,,,,1,,,,1,,,1,,,,,,,,,,,,,,,,1,1,1,1,1,,,,1,,0
7/28/08,1,,,,1,,5,,,,,,1,,,,,,,,1,,1,,,,,,,,,,,,,,,,,,,,,,,1,1,,,,,,,,,0
7/28/08,1,,,,1,,10,1,,,,,,,,,,,,,,,1,,,,1,,,1,,,,,,,,,,,,,,,,1,1,,,,,,,,,0
7/29/08,1,,1,,,,2,,,,,,,,,,1,,,,,,,,,,,,1,,,,,,,,,,,,,,,,,,,,,,,,,,,0
7/29/08,1,,,1,,,10,,,,,,,,1,,,1,1,,,,1,,,1,,,1,,,,,,,,,,,,,,,,,,1,,,,,,,,,0
7/29/08,,1,,1,,,5,,,,,,,,,,1,,,1,1,,,,,,,,,,,,,,,,,,,,,,,,1,,1,1,,1,,1,,,,0
7/28/08,,1,,1,,,20,,,,1,,,,,,,,,1,,1,,,1,,,,,,,,,,,,,,1,,1,,,,1,1,1,1,1,1,,,,,,0
7/29/08,,1,,,1,,5,,,,,,,,,,1,,,1,,1,,,1,,,,,,,,,,,,,,1,,1,,,,1,,1,,,,,,,,,0
7/29/08,1,,,,,1,10,,,,,,,,,,1,,,,,,1,,,,,,,,,,,,,,,,,,,,,,,1,1,,,,,,,,,0
7/30/08,,1,1,,,,10,1,,,,,,,,,,,,1,,1,,,,,,,,,,,,,,,,,1,,,,,,,1,1,1,,,,,,,,0
7/30/08,,1,,1,,,5,,,,,,,,1,,,,,1,,1,,,,,,,,,,,,,,,,,,,,,1,,,1,1,1,1,1,,,,,,0
7/30/08,,1,,1,,,7,1,,,,,,,,,,,,1,,1,,,,,,,,,,,,,,,,,,,,,1,,,1,1,1,1,,,,,,,0
7/30/08,,1,,1,,,10,,,,,,,,1,,,,,1,,1,1,,1,,,,,,,,,,,,,,1,,1,,1,,,,1,,,,,,,,,0
7/30/08,,1,,,1,,15,,,,,,,,,,1,,,1,,1,,,,,,,,,,,,,,,,,,,,,,,,1,1,1,1,,,,,,,0
7/30/08,,1,,1,,,5,,,,,,,,,,1,,1,,,,,,,,,,,,,,,,,,,,,,,,,,,1,1,1,1,,,,,,,0
7/30/08,,1,,,1,,5,,,,,,,,,,1,,1,,,,,,,,,,,,,,,,,,,,,,,,,,,,,,,,,1,,,,0
7/31/08,,1,1,,,,15,,1,,,,,,,,,,,1,,,1,,,,,,,1,1,,,,,,,,,1,,,,,,1,1,1,1,,1,,,,,0
7/31/08,1,,1,,,,10,,,,,,,,1,,,,1,,,,1,,,,,,,,,,,,,,,,,,,,,,,1,1,1,1,,,,,,,0
7/31/08,,1,,1,,,10,1,,,,,,,,,,,,1,,1,,,,,,,,,,,,1,,,,,,,,,,,1,,,,,,,,1,,,0
8/1/08,,1,1,,,,15,,,,,,,,,,1,,,,,,,,,,,,,,,,,,,,,,,,,,,,1,1,1,,,,,,,,,0
8/1/08,,1,1,,,,5,,,,,,,,,,1,,,1,,,,,,,,,,,,,,,,,,,,,,,,,,,,,,,,,,,,0
8/1/08,,1,1,,,,8,,,,,,,,,,1,,,1,,,,,,,,,,,,,,,,,,,,,,,,,,1,1,,,,,,,,,0
8/1/08,,1,1,,,,5,,,,,,,,,,1,,,1,,,,,,,,,,,,,,,,,,,,,,,,,,,,,,,,,,,,0
8/1/08,1,,,1,,,5,1,,,,,,,,,,1,,,,,1,,,,,1,,,,,,,,,,,,,,,,,,,1,,,,,,,,1,0
8/3/08,1,,,1,,,20,,,,,,,,1,,,1,,1,,,,,1,,,,,,,,,,,,,,,,,,,,,,,1,,1,,1,,,,0
8/3/08,1,,,1,,,30,,,,,,,,1,,,1,,,,,,,1,,,,,,,,,,,,,,,,,,,,,,1,1,1,1,,1,,,,0
8/4/08,,1,1,,,,65,,,,,,,,1,,,,1,1,,,1,,1,,1,1,,1,,1,1,,1,,,,,1,,,,,,1,1,,,,,,,,,0
8/4/08,1,,1,,,,20,,,,,,,,1,,,1,1,,,,1,,,,,1,,,,,,,,,,,,,,,,,,1,1,1,1,,,,,,1,0
8/4/08,,1,,1,,,5,,,,,,,,,,1,,,1,1,,1,,,,,,,,,,,,,1,,,,,,,,,1,1,1,1,,,,,,,,0
8/4/08,,1,,1,,,,1,,,,,,,,,,,,1,,,,,,,,,,,,,,,,,,,,,,,,,1,,1,,,,,1,,,,0
8/4/08,,1,,1,,,5,,,,,,,,1,,,,,1,,,,,,,,,,,,,,,,,,,,,,,,,,1,1,1,1,,,,,,,0
8/4/08,1,,,1,,,20,,,,,,,,,,1,,,,,,1,,,,,,,,,,,,,,,,,,,,,,,,1,1,,,,,,,,0
8/4/08,,,,1,,,15,,,,,,,,,,1,,,,,,,,,,,,,,,,,,,,,,,,,,,,,,,,,,,,,,,0
8/4/08,,1,,,1,,5,,,,,,,,,,1,,,1,,,,,,,,,,,,,,,,,,,,,,,,,,1,1,,,,,,,,,0
8/5/08,,1,1,,,,15,,,,,,,,,,1,,,1,,1,1,,,1,,,,,,,,,,,,,,,,,,,1,1,1,1,,1,,1,,,,0
8/5/08,1,,1,,,,,,,,,,,1,,,,,1,,,,1,,,,,,,,,,,,,,1,,,,,,,,,1,1,,,,,,,,,0
8/5/08,,1,1,,,,15,,,,,,,,,,1,,,1,,1,,,,,,,,,,,,,,,,,,,,,,,1,,1,1,1,1,,1,,,,0
8/5/08,,1,,1,,,10,,,,,,,,,,1,,,1,,,,,,,,,,,,,,,,,,,1,,,,,,,1,1,,,,,,,,,0
8/5/08,1,,,,1,,10,,,,,,,,,,1,,,,,,1,,,,,,,,,,,,,,,,,,,,,,,1,1,1,,,,,,,,0
8/5/08,1,,,,1,,30,1,,,,,,,,,,,,,,,1,,,,,1,1,1,,,,,,,,,,,,,,,,1,1,,,,,,,,,0
8/6/08,,1,,1,,,5,,,,,,,,,,1,,,1,,1,,,,,,,,,,,,,,,,,,,,,,,,,,,,,,,,,,0
8/6/08,,1,,1,,,5,,,,,,,,,,1,,,1,,,,,,,,,,,,,,,,,,,,,,,,,,1,1,,,,,,,,,0
8/6/08,,1,,,1,,5,,,,,,,,,,1,,,1,,,,,,,,,,,,,,,,,,,,,,,,,,,1,,,,,,,,,0
8/7/08,1,,1,,,,5,1,,,,,,,,,,,1,,,1,1,,,,,,,,,,,,,,,,,,,,,,,1,1,1,,,,,,,,0
8/7/08,,1,1,,,,10,1,,,,,,,,,,,,1,,1,,,,,,,,,,,,,,,,,,,,,,,,1,1,,,,,,,,,0
8/7/08,,1,,1,,,10,,,,,,1,,,,,,,,,,1,,1,,,,,,,,,,,1,,,,,,,,,,1,1,,,1,,,,,,0
8/8/08,1,,1,,,,15,,,,,,,1,,,,,,,,,1,,,,,,,,,,,1,,,,,,,,,,,,1,1,1,,,,,,,,0
8/7/08,1,,1,,,,5,,,,,,,,,,1,1,,,,,1,,,,,,,,,,,,,,,,,,,,,,,,1,,1,,,,,,,0
8/8/08,1,,1,,,,10,,,,,,,,,,1,,,,,,1,,,,,,,,,,1,,1,,,,,,,,1,,,1,1,,,,,,,,,0
8/8/08,,1,1,,,,10,1,,,,,,,,,,,,1,,,1,,,,,,,,,,,,,,,,1,,,,,,,1,1,1,,,,1,,,,0
8/8/08,,1,1,,,,75,,,,,,,,,,,,,1,,,,,1,,,,,,,,,,,,,,,,,,,,,1,1,1,,,,,,,,0
8/8/08,1,,,1,,,15,,,,,,,,,,1,,,,,,,,,,,1,1,1,,,,,,,1,1,,,,,,,,1,1,,1,,,,,,,0
8/8/08,1,,,1,,,15,,,,,,,,,,1,,,,,,,,,,,,,,,,,,,,,,,,,,,,1,1,1,1,1,,,1,,,,0
8/8/08,1,,,1,,,5,,,,,,,,1,,,1,,,,,,,,,,,,,,,,,,,,,,,,,,,,,1,,,,,,,,,0
8/8/08,1,,,1,,,5,,,,,,,,,,1,1,,,,,,,,,,,,,,,,,,,,,,,,,,,,,1,,,,,,,,,0
8/11/08,,1,1,,,,10,,,,,,,,,,1,,,1,,1,,,,,,,,,,,,,,,,,,,,,,,,1,1,,,,,1,,,,0
8/11/08,1,,1,,,,10,,,,,,,,,,1,,,,1,,,,,,,,,,,,,,,,,,,,,,,,1,,,,,,,,,,,0
8/11/08,,1,1,,,,15,,,,,,,,,,1,,,,,1,1,,,,,,,,,,,,,,,,,,,,,,,,1,1,,,,,,,,0
8/11/08,1,,1,,,,15,,,,,,,,1,,1,,,1,,1,,1,,,,,,,,,,,,,,,1,,,,,,,1,1,1,1,,,,,,,0
8/11/08,,1,1,,,,10,,,,,,,,,,1,,,,,,1,,,,,,,,,,,,,,,,,,,,,,,1,1,1,,,,1,,,,0
8/11/08,,1,1,,,,15,,,,,,,,,,1,1,1,,,,1,,,,,,,,1,,,,,,,,,,,,,,,1,1,1,,,,,,,,0
8/11/08,,1,1,,,,10,,,,,,,,,,1,,,,,,,,,,,,,,,,,,1,,,,,,,,,,1,1,,1,,,,,,,,0
8/11/08,,1,1,,,,15,,,,,,,,,,1,,,1,,,,,,,1,,,,,,,,,,,,,,,,,,,1,1,1,,,,,,,,0
8/11/08,,1,,1,,,10,,,,,,,,,,1,,,,,,,,,,1,,,,,,,,,,,,,,,,1,,,1,1,,,,,,,,,0
8/11/08,,1,,1,,,15,,,,1,,,,,,,,,1,,1,1,,,,,,,,,,,,,,,,,,,,,,,1,1,1,1,,,,,1,,0
8/11/08,,1,,1,,,15,,,,1,,,,,,,,,1,,,,,,,,,,,,,,,,,,,,,,,,,,,1,,,,,,,,,0
8/11/08,,1,,1,,,5,,,1,,,,,,,,,,1,,,,,,,,,,,,,,,,,,,1,,,,,,,1,1,,,1,,,,,,0
8/12/08,,1,,,,1,5,,,,1,,,,,,,,,,,,,,,,,,,,,,,,,,,,,,,,,,,1,1,,,,,1,,,,0
8/12/08,,1,,1,,,10,1,,,,,,,,,,,,,,,1,,,,,,,,,,,,,,,,,,,,,,,1,1,,,,,,,,,0
8/12/08,1,,,1,,,5,,,,,,,,1,,,,,,,,,,,,,,,,,,,,,,,,,,,,,,,1,1,1,,,,,,,,0